原标识或路径,包内路径,副本性质
D:\Grad_Study\Practimum\Formalization\reports\trajectory_analysis\team_review_v031_trajectory_v3_20260911\revision_handoff_20260912\request\LOCAL_AGENT_REQUEST.md,LOCAL_AGENT_REQUEST.md,完整复制原字节
D:\Grad_Study\Practimum\Formalization\reports\trajectory_analysis\team_review_v031_trajectory_v3_20260911\combined_revision_v11_20260912\evidence\README.md,manuscript/evidence/README.md,完整复制原字节
D:\Grad_Study\Practimum\Formalization\reports\trajectory_analysis\team_review_v031_trajectory_v3_20260911\combined_revision_v11_20260912\evidence\project_docs\architecture.excerpt.md,manuscript/evidence/project_docs/architecture.excerpt.md,完整复制原字节
D:\Grad_Study\Practimum\Formalization\reports\trajectory_analysis\team_review_v031_trajectory_v3_20260911\combined_revision_v11_20260912\evidence\project_docs\dependency_trail.excerpt.md,manuscript/evidence/project_docs/dependency_trail.excerpt.md,完整复制原字节
D:\Grad_Study\Practimum\Formalization\reports\trajectory_analysis\team_review_v031_trajectory_v3_20260911\combined_revision_v11_20260912\evidence\project_docs\interface_policy.excerpt.md,manuscript/evidence/project_docs/interface_policy.excerpt.md,完整复制原字节
D:\Grad_Study\Practimum\Formalization\reports\trajectory_analysis\team_review_v031_trajectory_v3_20260911\combined_revision_v11_20260912\evidence\project_docs\manifest.json,manuscript/evidence/project_docs/manifest.json,完整复制原字节
D:\Grad_Study\Practimum\Formalization\reports\trajectory_analysis\team_review_v031_trajectory_v3_20260911\combined_revision_v11_20260912\evidence\project_docs\README.md,manuscript/evidence/project_docs/README.md,完整复制原字节
D:\Grad_Study\Practimum\Formalization\reports\trajectory_analysis\team_review_v031_trajectory_v3_20260911\combined_revision_v11_20260912\evidence\project_docs\review_criteria.excerpt.md,manuscript/evidence/project_docs/review_criteria.excerpt.md,完整复制原字节
D:\Grad_Study\Practimum\Formalization\reports\trajectory_analysis\team_review_v031_trajectory_v3_20260911\combined_revision_v11_20260912\evidence\project_docs\workflow.excerpt.md,manuscript/evidence/project_docs/workflow.excerpt.md,完整复制原字节
D:\Grad_Study\Practimum\Formalization\reports\trajectory_analysis\team_review_v031_trajectory_v3_20260911\combined_revision_v11_20260912\evidence\project_docs\workflow_demo.excerpt.md,manuscript/evidence/project_docs/workflow_demo.excerpt.md,完整复制原字节
D:\Grad_Study\Practimum\Formalization\reports\trajectory_analysis\team_review_v031_trajectory_v3_20260911\combined_revision_v11_20260912\evidence\project_docs\workspace_state.excerpt.md,manuscript/evidence/project_docs/workspace_state.excerpt.md,完整复制原字节
D:\Grad_Study\Practimum\Formalization\reports\trajectory_analysis\team_review_v031_trajectory_v3_20260911\combined_revision_v11_20260912\evidence\r9_rewrite_evidence\EVALUATION_INDEX.csv,manuscript/evidence/r9_rewrite_evidence/EVALUATION_INDEX.csv,完整复制原字节
D:\Grad_Study\Practimum\Formalization\reports\trajectory_analysis\team_review_v031_trajectory_v3_20260911\combined_revision_v11_20260912\evidence\r9_rewrite_evidence\EVIDENCE.md,manuscript/evidence/r9_rewrite_evidence/EVIDENCE.md,完整复制原字节
D:\Grad_Study\Practimum\Formalization\reports\trajectory_analysis\team_review_v031_trajectory_v3_20260911\combined_revision_v11_20260912\evidence\r9_rewrite_evidence\finalize.py,manuscript/evidence/r9_rewrite_evidence/finalize.py,完整复制原字节
D:\Grad_Study\Practimum\Formalization\reports\trajectory_analysis\team_review_v031_trajectory_v3_20260911\combined_revision_v11_20260912\evidence\r9_rewrite_evidence\package.py,manuscript/evidence/r9_rewrite_evidence/package.py,完整复制原字节
D:\Grad_Study\Practimum\Formalization\reports\trajectory_analysis\team_review_v031_trajectory_v3_20260911\combined_revision_v11_20260912\evidence\r9_rewrite_evidence\README.md,manuscript/evidence/r9_rewrite_evidence/README.md,完整复制原字节
D:\Grad_Study\Practimum\Formalization\reports\trajectory_analysis\team_review_v031_trajectory_v3_20260911\combined_revision_v11_20260912\evidence\r9_rewrite_evidence\RUN_INDEX.csv,manuscript/evidence/r9_rewrite_evidence/RUN_INDEX.csv,完整复制原字节
D:\Grad_Study\Practimum\Formalization\reports\trajectory_analysis\team_review_v031_trajectory_v3_20260911\combined_revision_v11_20260912\evidence\r9_rewrite_evidence\SHA256SUMS.txt,manuscript/evidence/r9_rewrite_evidence/SHA256SUMS.txt,完整复制原字节
D:\Grad_Study\Practimum\Formalization\reports\trajectory_analysis\team_review_v031_trajectory_v3_20260911\combined_revision_v11_20260912\evidence\r9_rewrite_evidence\sources\A01.txt,manuscript/evidence/r9_rewrite_evidence/sources/A01.txt,完整复制原字节
D:\Grad_Study\Practimum\Formalization\reports\trajectory_analysis\team_review_v031_trajectory_v3_20260911\combined_revision_v11_20260912\evidence\r9_rewrite_evidence\sources\A02.json,manuscript/evidence/r9_rewrite_evidence/sources/A02.json,完整复制原字节
D:\Grad_Study\Practimum\Formalization\reports\trajectory_analysis\team_review_v031_trajectory_v3_20260911\combined_revision_v11_20260912\evidence\r9_rewrite_evidence\sources\A03.json,manuscript/evidence/r9_rewrite_evidence/sources/A03.json,完整复制原字节
D:\Grad_Study\Practimum\Formalization\reports\trajectory_analysis\team_review_v031_trajectory_v3_20260911\combined_revision_v11_20260912\evidence\r9_rewrite_evidence\sources\A04.json,manuscript/evidence/r9_rewrite_evidence/sources/A04.json,完整复制原字节
D:\Grad_Study\Practimum\Formalization\reports\trajectory_analysis\team_review_v031_trajectory_v3_20260911\combined_revision_v11_20260912\evidence\r9_rewrite_evidence\sources\A05.json,manuscript/evidence/r9_rewrite_evidence/sources/A05.json,完整复制原字节
D:\Grad_Study\Practimum\Formalization\reports\trajectory_analysis\team_review_v031_trajectory_v3_20260911\combined_revision_v11_20260912\evidence\r9_rewrite_evidence\sources\A06.txt,manuscript/evidence/r9_rewrite_evidence/sources/A06.txt,完整复制原字节
D:\Grad_Study\Practimum\Formalization\reports\trajectory_analysis\team_review_v031_trajectory_v3_20260911\combined_revision_v11_20260912\evidence\r9_rewrite_evidence\sources\A10.json,manuscript/evidence/r9_rewrite_evidence/sources/A10.json,完整复制原字节
D:\Grad_Study\Practimum\Formalization\reports\trajectory_analysis\team_review_v031_trajectory_v3_20260911\combined_revision_v11_20260912\evidence\r9_rewrite_evidence\sources\A11.json,manuscript/evidence/r9_rewrite_evidence/sources/A11.json,完整复制原字节
D:\Grad_Study\Practimum\Formalization\reports\trajectory_analysis\team_review_v031_trajectory_v3_20260911\combined_revision_v11_20260912\evidence\r9_rewrite_evidence\sources\A12.json,manuscript/evidence/r9_rewrite_evidence/sources/A12.json,完整复制原字节
D:\Grad_Study\Practimum\Formalization\reports\trajectory_analysis\team_review_v031_trajectory_v3_20260911\combined_revision_v11_20260912\evidence\r9_rewrite_evidence\sources\A13.json,manuscript/evidence/r9_rewrite_evidence/sources/A13.json,完整复制原字节
D:\Grad_Study\Practimum\Formalization\reports\trajectory_analysis\team_review_v031_trajectory_v3_20260911\combined_revision_v11_20260912\evidence\r9_rewrite_evidence\sources\A14.json,manuscript/evidence/r9_rewrite_evidence/sources/A14.json,完整复制原字节
D:\Grad_Study\Practimum\Formalization\reports\trajectory_analysis\team_review_v031_trajectory_v3_20260911\combined_revision_v11_20260912\evidence\r9_rewrite_evidence\sources\A15.json,manuscript/evidence/r9_rewrite_evidence/sources/A15.json,完整复制原字节
D:\Grad_Study\Practimum\Formalization\reports\trajectory_analysis\team_review_v031_trajectory_v3_20260911\combined_revision_v11_20260912\evidence\r9_rewrite_evidence\sources\A16.json,manuscript/evidence/r9_rewrite_evidence/sources/A16.json,完整复制原字节
D:\Grad_Study\Practimum\Formalization\reports\trajectory_analysis\team_review_v031_trajectory_v3_20260911\combined_revision_v11_20260912\evidence\r9_rewrite_evidence\sources\A17.json,manuscript/evidence/r9_rewrite_evidence/sources/A17.json,完整复制原字节
D:\Grad_Study\Practimum\Formalization\reports\trajectory_analysis\team_review_v031_trajectory_v3_20260911\combined_revision_v11_20260912\evidence\r9_rewrite_evidence\sources\A18.json,manuscript/evidence/r9_rewrite_evidence/sources/A18.json,完整复制原字节
D:\Grad_Study\Practimum\Formalization\reports\trajectory_analysis\team_review_v031_trajectory_v3_20260911\combined_revision_v11_20260912\evidence\r9_rewrite_evidence\sources\A19.json,manuscript/evidence/r9_rewrite_evidence/sources/A19.json,完整复制原字节
D:\Grad_Study\Practimum\Formalization\reports\trajectory_analysis\team_review_v031_trajectory_v3_20260911\combined_revision_v11_20260912\evidence\r9_rewrite_evidence\sources\A20.json,manuscript/evidence/r9_rewrite_evidence/sources/A20.json,完整复制原字节
D:\Grad_Study\Practimum\Formalization\reports\trajectory_analysis\team_review_v031_trajectory_v3_20260911\combined_revision_v11_20260912\evidence\r9_rewrite_evidence\sources\A21.json,manuscript/evidence/r9_rewrite_evidence/sources/A21.json,完整复制原字节
D:\Grad_Study\Practimum\Formalization\reports\trajectory_analysis\team_review_v031_trajectory_v3_20260911\combined_revision_v11_20260912\evidence\r9_rewrite_evidence\sources\A30.json,manuscript/evidence/r9_rewrite_evidence/sources/A30.json,完整复制原字节
D:\Grad_Study\Practimum\Formalization\reports\trajectory_analysis\team_review_v031_trajectory_v3_20260911\combined_revision_v11_20260912\evidence\r9_rewrite_evidence\sources\A31.json,manuscript/evidence/r9_rewrite_evidence/sources/A31.json,完整复制原字节
D:\Grad_Study\Practimum\Formalization\reports\trajectory_analysis\team_review_v031_trajectory_v3_20260911\combined_revision_v11_20260912\evidence\r9_rewrite_evidence\sources\A32.json,manuscript/evidence/r9_rewrite_evidence/sources/A32.json,完整复制原字节
D:\Grad_Study\Practimum\Formalization\reports\trajectory_analysis\team_review_v031_trajectory_v3_20260911\combined_revision_v11_20260912\evidence\r9_rewrite_evidence\sources\A33.json,manuscript/evidence/r9_rewrite_evidence/sources/A33.json,完整复制原字节
D:\Grad_Study\Practimum\Formalization\reports\trajectory_analysis\team_review_v031_trajectory_v3_20260911\combined_revision_v11_20260912\evidence\r9_rewrite_evidence\sources\A34.json,manuscript/evidence/r9_rewrite_evidence/sources/A34.json,完整复制原字节
D:\Grad_Study\Practimum\Formalization\reports\trajectory_analysis\team_review_v031_trajectory_v3_20260911\combined_revision_v11_20260912\evidence\r9_rewrite_evidence\sources\A35.json,manuscript/evidence/r9_rewrite_evidence/sources/A35.json,完整复制原字节
D:\Grad_Study\Practimum\Formalization\reports\trajectory_analysis\team_review_v031_trajectory_v3_20260911\combined_revision_v11_20260912\evidence\r9_rewrite_evidence\sources\A40-call-evidence.json,manuscript/evidence/r9_rewrite_evidence/sources/A40-call-evidence.json,完整复制原字节
D:\Grad_Study\Practimum\Formalization\reports\trajectory_analysis\team_review_v031_trajectory_v3_20260911\combined_revision_v11_20260912\evidence\r9_rewrite_evidence\sources\AP01.txt,manuscript/evidence/r9_rewrite_evidence/sources/AP01.txt,完整复制原字节
D:\Grad_Study\Practimum\Formalization\reports\trajectory_analysis\team_review_v031_trajectory_v3_20260911\combined_revision_v11_20260912\evidence\r9_rewrite_evidence\sources\AP02.txt,manuscript/evidence/r9_rewrite_evidence/sources/AP02.txt,完整复制原字节
D:\Grad_Study\Practimum\Formalization\reports\trajectory_analysis\team_review_v031_trajectory_v3_20260911\combined_revision_v11_20260912\evidence\r9_rewrite_evidence\sources\AP03.txt,manuscript/evidence/r9_rewrite_evidence/sources/AP03.txt,完整复制原字节
D:\Grad_Study\Practimum\Formalization\reports\trajectory_analysis\team_review_v031_trajectory_v3_20260911\combined_revision_v11_20260912\evidence\r9_rewrite_evidence\sources\AP04.txt,manuscript/evidence/r9_rewrite_evidence/sources/AP04.txt,完整复制原字节
D:\Grad_Study\Practimum\Formalization\reports\trajectory_analysis\team_review_v031_trajectory_v3_20260911\combined_revision_v11_20260912\evidence\r9_rewrite_evidence\sources\AP05.txt,manuscript/evidence/r9_rewrite_evidence/sources/AP05.txt,完整复制原字节
D:\Grad_Study\Practimum\Formalization\reports\trajectory_analysis\team_review_v031_trajectory_v3_20260911\combined_revision_v11_20260912\evidence\r9_rewrite_evidence\sources\AP06.txt,manuscript/evidence/r9_rewrite_evidence/sources/AP06.txt,完整复制原字节
D:\Grad_Study\Practimum\Formalization\reports\trajectory_analysis\team_review_v031_trajectory_v3_20260911\combined_revision_v11_20260912\evidence\r9_rewrite_evidence\sources\AP07.txt,manuscript/evidence/r9_rewrite_evidence/sources/AP07.txt,完整复制原字节
D:\Grad_Study\Practimum\Formalization\reports\trajectory_analysis\team_review_v031_trajectory_v3_20260911\combined_revision_v11_20260912\evidence\r9_rewrite_evidence\sources\AP08.txt,manuscript/evidence/r9_rewrite_evidence/sources/AP08.txt,完整复制原字节
D:\Grad_Study\Practimum\Formalization\reports\trajectory_analysis\team_review_v031_trajectory_v3_20260911\combined_revision_v11_20260912\evidence\r9_rewrite_evidence\sources\AP09.txt,manuscript/evidence/r9_rewrite_evidence/sources/AP09.txt,完整复制原字节
D:\Grad_Study\Practimum\Formalization\reports\trajectory_analysis\team_review_v031_trajectory_v3_20260911\combined_revision_v11_20260912\evidence\r9_rewrite_evidence\sources\AP10.txt,manuscript/evidence/r9_rewrite_evidence/sources/AP10.txt,完整复制原字节
D:\Grad_Study\Practimum\Formalization\reports\trajectory_analysis\team_review_v031_trajectory_v3_20260911\combined_revision_v11_20260912\evidence\r9_rewrite_evidence\sources\AP11.txt,manuscript/evidence/r9_rewrite_evidence/sources/AP11.txt,完整复制原字节
D:\Grad_Study\Practimum\Formalization\reports\trajectory_analysis\team_review_v031_trajectory_v3_20260911\combined_revision_v11_20260912\evidence\r9_rewrite_evidence\sources\AX01.json,manuscript/evidence/r9_rewrite_evidence/sources/AX01.json,完整复制原字节
D:\Grad_Study\Practimum\Formalization\reports\trajectory_analysis\team_review_v031_trajectory_v3_20260911\combined_revision_v11_20260912\evidence\r9_rewrite_evidence\sources\AX02.json,manuscript/evidence/r9_rewrite_evidence/sources/AX02.json,完整复制原字节
D:\Grad_Study\Practimum\Formalization\reports\trajectory_analysis\team_review_v031_trajectory_v3_20260911\combined_revision_v11_20260912\evidence\r9_rewrite_evidence\sources\AX03.json,manuscript/evidence/r9_rewrite_evidence/sources/AX03.json,完整复制原字节
D:\Grad_Study\Practimum\Formalization\reports\trajectory_analysis\team_review_v031_trajectory_v3_20260911\combined_revision_v11_20260912\evidence\r9_rewrite_evidence\sources\AX04.json,manuscript/evidence/r9_rewrite_evidence/sources/AX04.json,完整复制原字节
D:\Grad_Study\Practimum\Formalization\reports\trajectory_analysis\team_review_v031_trajectory_v3_20260911\combined_revision_v11_20260912\evidence\r9_rewrite_evidence\sources\AX05.json,manuscript/evidence/r9_rewrite_evidence/sources/AX05.json,完整复制原字节
D:\Grad_Study\Practimum\Formalization\reports\trajectory_analysis\team_review_v031_trajectory_v3_20260911\combined_revision_v11_20260912\evidence\r9_rewrite_evidence\sources\AX06.json,manuscript/evidence/r9_rewrite_evidence/sources/AX06.json,完整复制原字节
D:\Grad_Study\Practimum\Formalization\reports\trajectory_analysis\team_review_v031_trajectory_v3_20260911\combined_revision_v11_20260912\evidence\r9_rewrite_evidence\sources\AX07.json,manuscript/evidence/r9_rewrite_evidence/sources/AX07.json,完整复制原字节
D:\Grad_Study\Practimum\Formalization\reports\trajectory_analysis\team_review_v031_trajectory_v3_20260911\combined_revision_v11_20260912\evidence\r9_rewrite_evidence\sources\AX08.json,manuscript/evidence/r9_rewrite_evidence/sources/AX08.json,完整复制原字节
D:\Grad_Study\Practimum\Formalization\reports\trajectory_analysis\team_review_v031_trajectory_v3_20260911\combined_revision_v11_20260912\evidence\r9_rewrite_evidence\sources\AX09.json,manuscript/evidence/r9_rewrite_evidence/sources/AX09.json,完整复制原字节
D:\Grad_Study\Practimum\Formalization\reports\trajectory_analysis\team_review_v031_trajectory_v3_20260911\combined_revision_v11_20260912\evidence\r9_rewrite_evidence\sources\AX10.json,manuscript/evidence/r9_rewrite_evidence/sources/AX10.json,完整复制原字节
D:\Grad_Study\Practimum\Formalization\reports\trajectory_analysis\team_review_v031_trajectory_v3_20260911\combined_revision_v11_20260912\evidence\r9_rewrite_evidence\sources\AX11.json,manuscript/evidence/r9_rewrite_evidence/sources/AX11.json,完整复制原字节
D:\Grad_Study\Practimum\Formalization\reports\trajectory_analysis\team_review_v031_trajectory_v3_20260911\combined_revision_v11_20260912\evidence\r9_rewrite_evidence\sources\AX12.json,manuscript/evidence/r9_rewrite_evidence/sources/AX12.json,完整复制原字节
D:\Grad_Study\Practimum\Formalization\reports\trajectory_analysis\team_review_v031_trajectory_v3_20260911\combined_revision_v11_20260912\evidence\r9_rewrite_evidence\sources\AX13.json,manuscript/evidence/r9_rewrite_evidence/sources/AX13.json,完整复制原字节
D:\Grad_Study\Practimum\Formalization\reports\trajectory_analysis\team_review_v031_trajectory_v3_20260911\combined_revision_v11_20260912\evidence\r9_rewrite_evidence\sources\B01.json,manuscript/evidence/r9_rewrite_evidence/sources/B01.json,完整复制原字节
D:\Grad_Study\Practimum\Formalization\reports\trajectory_analysis\team_review_v031_trajectory_v3_20260911\combined_revision_v11_20260912\evidence\r9_rewrite_evidence\sources\B02.json,manuscript/evidence/r9_rewrite_evidence/sources/B02.json,完整复制原字节
D:\Grad_Study\Practimum\Formalization\reports\trajectory_analysis\team_review_v031_trajectory_v3_20260911\combined_revision_v11_20260912\evidence\r9_rewrite_evidence\sources\B03.txt,manuscript/evidence/r9_rewrite_evidence/sources/B03.txt,完整复制原字节
D:\Grad_Study\Practimum\Formalization\reports\trajectory_analysis\team_review_v031_trajectory_v3_20260911\combined_revision_v11_20260912\evidence\r9_rewrite_evidence\sources\B04.json,manuscript/evidence/r9_rewrite_evidence/sources/B04.json,完整复制原字节
D:\Grad_Study\Practimum\Formalization\reports\trajectory_analysis\team_review_v031_trajectory_v3_20260911\combined_revision_v11_20260912\evidence\r9_rewrite_evidence\sources\B05.json,manuscript/evidence/r9_rewrite_evidence/sources/B05.json,完整复制原字节
D:\Grad_Study\Practimum\Formalization\reports\trajectory_analysis\team_review_v031_trajectory_v3_20260911\combined_revision_v11_20260912\evidence\r9_rewrite_evidence\sources\B06.json,manuscript/evidence/r9_rewrite_evidence/sources/B06.json,完整复制原字节
D:\Grad_Study\Practimum\Formalization\reports\trajectory_analysis\team_review_v031_trajectory_v3_20260911\combined_revision_v11_20260912\evidence\r9_rewrite_evidence\sources\B07-root-bindings.json,manuscript/evidence/r9_rewrite_evidence/sources/B07-root-bindings.json,完整复制原字节
D:\Grad_Study\Practimum\Formalization\reports\trajectory_analysis\team_review_v031_trajectory_v3_20260911\combined_revision_v11_20260912\evidence\r9_rewrite_evidence\sources\B08-missing-usage.json,manuscript/evidence/r9_rewrite_evidence/sources/B08-missing-usage.json,完整复制原字节
D:\Grad_Study\Practimum\Formalization\reports\trajectory_analysis\team_review_v031_trajectory_v3_20260911\combined_revision_v11_20260912\evidence\r9_rewrite_evidence\sources\B09.txt,manuscript/evidence/r9_rewrite_evidence/sources/B09.txt,完整复制原字节
D:\Grad_Study\Practimum\Formalization\reports\trajectory_analysis\team_review_v031_trajectory_v3_20260911\combined_revision_v11_20260912\evidence\r9_rewrite_evidence\sources\B10.txt,manuscript/evidence/r9_rewrite_evidence/sources/B10.txt,完整复制原字节
D:\Grad_Study\Practimum\Formalization\reports\trajectory_analysis\team_review_v031_trajectory_v3_20260911\combined_revision_v11_20260912\evidence\r9_rewrite_evidence\sources\B11-input-comparison.json,manuscript/evidence/r9_rewrite_evidence/sources/B11-input-comparison.json,完整复制原字节
D:\Grad_Study\Practimum\Formalization\reports\trajectory_analysis\team_review_v031_trajectory_v3_20260911\combined_revision_v11_20260912\evidence\r9_rewrite_evidence\sources\B12.txt,manuscript/evidence/r9_rewrite_evidence/sources/B12.txt,完整复制原字节
D:\Grad_Study\Practimum\Formalization\reports\trajectory_analysis\team_review_v031_trajectory_v3_20260911\combined_revision_v11_20260912\evidence\r9_rewrite_evidence\sources\BASE-appendix.txt,manuscript/evidence/r9_rewrite_evidence/sources/BASE-appendix.txt,完整复制原字节
D:\Grad_Study\Practimum\Formalization\reports\trajectory_analysis\team_review_v031_trajectory_v3_20260911\combined_revision_v11_20260912\evidence\r9_rewrite_evidence\sources\BASE-report.txt,manuscript/evidence/r9_rewrite_evidence/sources/BASE-report.txt,完整复制原字节
D:\Grad_Study\Practimum\Formalization\reports\trajectory_analysis\team_review_v031_trajectory_v3_20260911\combined_revision_v11_20260912\evidence\r9_rewrite_evidence\sources\C01.json,manuscript/evidence/r9_rewrite_evidence/sources/C01.json,完整复制原字节
D:\Grad_Study\Practimum\Formalization\reports\trajectory_analysis\team_review_v031_trajectory_v3_20260911\combined_revision_v11_20260912\evidence\r9_rewrite_evidence\sources\C02-decision.txt,manuscript/evidence/r9_rewrite_evidence/sources/C02-decision.txt,完整复制原字节
D:\Grad_Study\Practimum\Formalization\reports\trajectory_analysis\team_review_v031_trajectory_v3_20260911\combined_revision_v11_20260912\evidence\r9_rewrite_evidence\sources\C02-map.txt,manuscript/evidence/r9_rewrite_evidence/sources/C02-map.txt,完整复制原字节
D:\Grad_Study\Practimum\Formalization\reports\trajectory_analysis\team_review_v031_trajectory_v3_20260911\combined_revision_v11_20260912\evidence\r9_rewrite_evidence\sources\C03-decision.txt,manuscript/evidence/r9_rewrite_evidence/sources/C03-decision.txt,完整复制原字节
D:\Grad_Study\Practimum\Formalization\reports\trajectory_analysis\team_review_v031_trajectory_v3_20260911\combined_revision_v11_20260912\evidence\r9_rewrite_evidence\sources\C03-map.txt,manuscript/evidence/r9_rewrite_evidence/sources/C03-map.txt,完整复制原字节
D:\Grad_Study\Practimum\Formalization\reports\trajectory_analysis\team_review_v031_trajectory_v3_20260911\combined_revision_v11_20260912\evidence\r9_rewrite_evidence\sources\C04-map.txt,manuscript/evidence/r9_rewrite_evidence/sources/C04-map.txt,完整复制原字节
D:\Grad_Study\Practimum\Formalization\reports\trajectory_analysis\team_review_v031_trajectory_v3_20260911\combined_revision_v11_20260912\evidence\r9_rewrite_evidence\sources\C05.txt,manuscript/evidence/r9_rewrite_evidence/sources/C05.txt,完整复制原字节
D:\Grad_Study\Practimum\Formalization\reports\trajectory_analysis\team_review_v031_trajectory_v3_20260911\combined_revision_v11_20260912\evidence\r9_rewrite_evidence\sources\C06.json,manuscript/evidence/r9_rewrite_evidence/sources/C06.json,完整复制原字节
D:\Grad_Study\Practimum\Formalization\reports\trajectory_analysis\team_review_v031_trajectory_v3_20260911\combined_revision_v11_20260912\evidence\r9_rewrite_evidence\sources\C07.json,manuscript/evidence/r9_rewrite_evidence/sources/C07.json,完整复制原字节
D:\Grad_Study\Practimum\Formalization\reports\trajectory_analysis\team_review_v031_trajectory_v3_20260911\combined_revision_v11_20260912\evidence\r9_rewrite_evidence\sources\D01.json,manuscript/evidence/r9_rewrite_evidence/sources/D01.json,完整复制原字节
D:\Grad_Study\Practimum\Formalization\reports\trajectory_analysis\team_review_v031_trajectory_v3_20260911\combined_revision_v11_20260912\evidence\r9_rewrite_evidence\sources\D02.json,manuscript/evidence/r9_rewrite_evidence/sources/D02.json,完整复制原字节
D:\Grad_Study\Practimum\Formalization\reports\trajectory_analysis\team_review_v031_trajectory_v3_20260911\combined_revision_v11_20260912\evidence\r9_rewrite_evidence\sources\D03.json,manuscript/evidence/r9_rewrite_evidence/sources/D03.json,完整复制原字节
D:\Grad_Study\Practimum\Formalization\reports\trajectory_analysis\team_review_v031_trajectory_v3_20260911\combined_revision_v11_20260912\evidence\r9_rewrite_evidence\sources\D04.json,manuscript/evidence/r9_rewrite_evidence/sources/D04.json,完整复制原字节
D:\Grad_Study\Practimum\Formalization\reports\trajectory_analysis\team_review_v031_trajectory_v3_20260911\combined_revision_v11_20260912\evidence\r9_rewrite_evidence\sources\D05.txt,manuscript/evidence/r9_rewrite_evidence/sources/D05.txt,完整复制原字节
D:\Grad_Study\Practimum\Formalization\reports\trajectory_analysis\team_review_v031_trajectory_v3_20260911\combined_revision_v11_20260912\evidence\r9_rewrite_evidence\sources\E01.txt,manuscript/evidence/r9_rewrite_evidence/sources/E01.txt,完整复制原字节
D:\Grad_Study\Practimum\Formalization\reports\trajectory_analysis\team_review_v031_trajectory_v3_20260911\combined_revision_v11_20260912\evidence\r9_rewrite_evidence\sources\E02.json,manuscript/evidence/r9_rewrite_evidence/sources/E02.json,完整复制原字节
D:\Grad_Study\Practimum\Formalization\reports\trajectory_analysis\team_review_v031_trajectory_v3_20260911\combined_revision_v11_20260912\evidence\r9_rewrite_evidence\sources\PACKAGING_CHECKS.json,manuscript/evidence/r9_rewrite_evidence/sources/PACKAGING_CHECKS.json,完整复制原字节
D:\Grad_Study\Practimum\Formalization\reports\trajectory_analysis\team_review_v031_trajectory_v3_20260911\combined_revision_v11_20260912\evidence\r9_rewrite_evidence\sources\READ_SOURCE_HASHES.json,manuscript/evidence/r9_rewrite_evidence/sources/READ_SOURCE_HASHES.json,完整复制原字节
D:\Grad_Study\Practimum\Formalization\reports\trajectory_analysis\team_review_v031_trajectory_v3_20260911\combined_revision_v11_20260912\evidence\r9_rewrite_evidence\sources\SOURCE_INDEX.json,manuscript/evidence/r9_rewrite_evidence/sources/SOURCE_INDEX.json,完整复制原字节
D:\Grad_Study\Practimum\Formalization\reports\trajectory_analysis\team_review_v031_trajectory_v3_20260911\combined_revision_v11_20260912\report.en.md,manuscript/report.en.md,完整复制原字节
D:\Grad_Study\Practimum\Formalization\reports\trajectory_analysis\team_review_v031_trajectory_v3_20260911\combined_revision_v11_20260912\appendix.en.md,manuscript/appendix.en.md,完整复制原字节
D:\Grad_Study\Practimum\Formalization\reports\trajectory_analysis\team_review_v031_trajectory_v3_20260911\combined_revision_v11_20260912\README.md,manuscript/README.md,完整复制原字节
D:\Grad_Study\Practimum\Formalization\reports\trajectory_analysis\team_review_v031_trajectory_v3_20260911\combined_revision_v11_20260912\REVISION_NOTES.zh.md,manuscript/REVISION_NOTES.zh.md,完整复制原字节
D:\Grad_Study\Practimum\Formalization\reports\trajectory_analysis\team_review_v031_trajectory_v3_20260911\combined_revision_v11_20260912\SHA256SUMS.txt,manuscript/SHA256SUMS.txt,完整复制原字节
D:\Grad_Study\Practimum\Formalization\reports\trajectory_analysis\team_review_v031_trajectory_v3_20260911\combined_revision_v11_20260912\qa\IMPORTED_FILES.json,manuscript/qa/IMPORTED_FILES.json,完整复制原字节
D:\Grad_Study\Practimum\Formalization\reports\trajectory_analysis\team_review_v031_trajectory_v3_20260911\combined_revision_v11_20260912\qa\VERIFICATION.json,manuscript/qa/VERIFICATION.json,完整复制原字节
D:\Grad_Study\Practimum\Formalization\reports\trajectory_analysis\team_review_v031_trajectory_v3_20260911\combined_revision_v11_20260912\qa\BASELINE.json,manuscript/qa/BASELINE.json,完整复制原字节
D:\Grad_Study\Practimum\Formalization\reports\trajectory_analysis\team_review_v031_trajectory_v3_20260911\combined_revision_v11_20260912\qa\pdf\build_pdf.py,manuscript/qa/pdf/build_pdf.py,完整复制原字节
D:\Grad_Study\Practimum\Formalization\reports\trajectory_analysis\team_review_v031_trajectory_v3_20260911\combined_revision_v11_20260912\qa\pdf\converter.py,manuscript/qa/pdf/converter.py,完整复制原字节
D:\Grad_Study\Practimum\Formalization\reports\trajectory_analysis\team_review_v031_trajectory_v3_20260911\combined_revision_v11_20260912\qa\pdf\ENGLISH_CHECK.json,manuscript/qa/pdf/ENGLISH_CHECK.json,完整复制原字节
D:\Grad_Study\Practimum\Formalization\reports\trajectory_analysis\team_review_v031_trajectory_v3_20260911\combined_revision_v11_20260912\qa\en\BUILD.json,manuscript/qa/en/BUILD.json,完整复制原字节
D:\Grad_Study\Practimum\Formalization\reports\trajectory_analysis\team_review_v031_trajectory_v3_20260911\combined_revision_v11_20260912\qa\en\stdout.txt,manuscript/qa/en/stdout.txt,完整复制原字节
D:\Grad_Study\Practimum\Formalization\reports\trajectory_analysis\team_review_v031_trajectory_v3_20260911\combined_revision_v11_20260912\qa\en\stderr.txt,manuscript/qa/en/stderr.txt,完整复制原字节
D:\Grad_Study\Practimum\Formalization\reports\trajectory_analysis\team_review_v031_trajectory_v3_20260911\combined_revision_v11_20260912\qa\en\main.log,manuscript/qa/en/main.log,完整复制原字节
D:\Grad_Study\Practimum\Formalization\reports\trajectory_analysis\team_review_v031_trajectory_v3_20260911\combined_revision_v11_20260912\qa\en-appendix\BUILD.json,manuscript/qa/en-appendix/BUILD.json,完整复制原字节
D:\Grad_Study\Practimum\Formalization\reports\trajectory_analysis\team_review_v031_trajectory_v3_20260911\combined_revision_v11_20260912\qa\en-appendix\stdout.txt,manuscript/qa/en-appendix/stdout.txt,完整复制原字节
D:\Grad_Study\Practimum\Formalization\reports\trajectory_analysis\team_review_v031_trajectory_v3_20260911\combined_revision_v11_20260912\qa\en-appendix\stderr.txt,manuscript/qa/en-appendix/stderr.txt,完整复制原字节
D:\Grad_Study\Practimum\Formalization\reports\trajectory_analysis\team_review_v031_trajectory_v3_20260911\combined_revision_v11_20260912\qa\en-appendix\main.log,manuscript/qa/en-appendix/main.log,完整复制原字节
D:\Grad_Study\Practimum\Formalization\reports\trajectory_analysis\team_review_v031_trajectory_v3_20260911\combined_revision_v11_20260912\qa\pdf\en\main.tex,manuscript/qa/pdf/en/main.tex,完整复制原字节
D:\Grad_Study\Practimum\Formalization\reports\trajectory_analysis\team_review_v031_trajectory_v3_20260911\combined_revision_v11_20260912\qa\pdf\en\preamble.tex,manuscript/qa/pdf/en/preamble.tex,完整复制原字节
D:\Grad_Study\Practimum\Formalization\reports\trajectory_analysis\team_review_v031_trajectory_v3_20260911\combined_revision_v11_20260912\qa\pdf\en-appendix\main.tex,manuscript/qa/pdf/en-appendix/main.tex,完整复制原字节
D:\Grad_Study\Practimum\Formalization\reports\trajectory_analysis\team_review_v031_trajectory_v3_20260911\combined_revision_v11_20260912\qa\pdf\en-appendix\preamble.tex,manuscript/qa/pdf/en-appendix/preamble.tex,完整复制原字节
D:\Grad_Study\Practimum\Formalization\reports\trajectory_analysis\team_review_v031_trajectory_v3_20260911\revision_handoff_20260912\request\baseline\en.pdf,manuscript/output/pdf/en.pdf,完整复制原字节
D:\Grad_Study\Practimum\Formalization\reports\trajectory_analysis\team_review_v031_trajectory_v3_20260911\revision_handoff_20260912\request\baseline\en-appendix.pdf,manuscript/output/pdf/en-appendix.pdf,完整复制原字节
D:\Grad_Study\Practimum\Formalization\reports\trajectory_analysis\team_review_v031_trajectory_v3_20260911\revision_handoff_20260912\request\baseline\SHA256SUMS.txt,verification/BASELINE_SHA256SUMS.txt,完整复制原字节
D:\Grad_Study\Practimum\Formalization\reports\trajectory_analysis\team_review_v031_trajectory_v3_20260911\combined_revision_v4_20260912\ev\Z015,verification/supporting_records/archive/Z015_EPISODE_SEMANTIC_ANNOTATIONS_L2_R1.json,完整复制原字节
D:\Grad_Study\Practimum\Formalization\reports\trajectory_analysis\team_review_v031_trajectory_v3_20260911\combined_revision_v4_20260912\ev\Z016,verification/supporting_records/archive/Z016_EPISODE_SEMANTIC_COVERAGE_FINAL.json,完整复制原字节
D:\Grad_Study\Practimum\Formalization\reports\trajectory_analysis\team_review_v031_trajectory_v3_20260911\combined_revision_v4_20260912\ev\Z018,verification/supporting_records/archive/Z018_RULE_INTERPRETATION.json,完整复制原字节
D:\Grad_Study\Practimum\Formalization\reports\trajectory_analysis\team_review_v031_trajectory_v3_20260911\combined_revision_v4_20260912\ev\Z020,verification/supporting_records/archive/Z020_L2_RESULT_MATRIX.json,完整复制原字节
D:\Grad_Study\Practimum\Formalization\reports\trajectory_analysis\team_review_v031_trajectory_v3_20260911\combined_revision_v4_20260912\ev\Z021,verification/supporting_records/archive/Z021_L2_RESULT.zh-CN.md,完整复制原字节
D:\Grad_Study\Practimum\Formalization\reports\trajectory_analysis\team_review_v031_trajectory_v3_20260911\combined_revision_v4_20260912\ev\Z022,verification/supporting_records/archive/Z022_L3_RESULT_MATRIX.json,完整复制原字节
D:\Grad_Study\Practimum\Formalization\reports\trajectory_analysis\team_review_v031_trajectory_v3_20260911\combined_revision_v4_20260912\ev\Z023,verification/supporting_records/archive/Z023_L3_RESULT.zh-CN.md,完整复制原字节
D:\Grad_Study\Practimum\Formalization\reports\trajectory_analysis\team_review_v031_trajectory_v3_20260911\combined_revision_v4_20260912\ev\Z030,verification/supporting_records/archive/Z030_L7_RESPONSIBILITY_MATRIX.json,完整复制原字节
D:\Grad_Study\Practimum\Formalization\reports\trajectory_analysis\team_review_v031_trajectory_v3_20260911\combined_revision_v4_20260912\ev\Z031,verification/supporting_records/archive/Z031_L7_RESPONSIBILITY.zh-CN.md,完整复制原字节
D:\Grad_Study\Practimum\Formalization\reports\trajectory_analysis\team_review_v031_trajectory_v3_20260911\combined_revision_v4_20260912\ev\Z032,verification/supporting_records/archive/Z032_L7_CONTRACT_DIAGNOSIS.json,完整复制原字节
D:\Grad_Study\Practimum\Formalization\reports\trajectory_analysis\team_review_v031_trajectory_v3_20260911\combined_revision_v7_20260912\source_manifest.json,verification/supporting_records/archive/source_manifest_v7.json,完整复制原字节
本轮从已保存记录机械整理；非新增实验,verification/baseline_text/en.txt,新整理结果；非历史原件
本轮从已保存记录机械整理；非新增实验,verification/baseline_text/en-appendix.txt,新整理结果；非历史原件
本轮从已保存记录机械整理；非新增实验,verification/PDF_STRUCTURE_CHECK.json,新整理结果；非历史原件
D:\Grad_Study\Practimum\Formalization\rr-l2-v1\candidate-67c83c8b4bf7\subject\candidate\ProbabilityTheory\chapter_11\thm_11_4.lean,verification/supporting_records/candidates/L2-A/subject/candidate/ProbabilityTheory/chapter_11/thm_11_4.lean,完整复制原字节
D:\Grad_Study\Practimum\Formalization\rr-l2-v1\candidate-67c83c8b4bf7\subject\candidate\ProbabilityTheory\chapter_11\thm_11_5.lean,verification/supporting_records/candidates/L2-A/subject/candidate/ProbabilityTheory/chapter_11/thm_11_5.lean,完整复制原字节
D:\Grad_Study\Practimum\Formalization\rr-l2-v1\candidate-67c83c8b4bf7\subject\source\SOURCE.tex,verification/supporting_records/candidates/L2-A/subject/source/SOURCE.tex,完整复制原字节
D:\Grad_Study\Practimum\Formalization\rr-l2-v1\candidate-67c83c8b4bf7\subject\task_contract\COMMON_RULES.zh-CN.md,verification/supporting_records/candidates/L2-A/subject/task_contract/COMMON_RULES.zh-CN.md,完整复制原字节
D:\Grad_Study\Practimum\Formalization\rr-l2-v1\candidate-67c83c8b4bf7\subject\task_contract\TASK.zh-CN.md,verification/supporting_records/candidates/L2-A/subject/task_contract/TASK.zh-CN.md,完整复制原字节
D:\Grad_Study\Practimum\Formalization\rr-l2-v1\candidate-67c83c8b4bf7\subject\tool_fact\technical-validation.json,verification/supporting_records/candidates/L2-A/subject/tool_fact/technical-validation.json,完整复制原字节
D:\Grad_Study\Practimum\Formalization\rr-l2-v1\candidate-67c83c8b4bf7\subject\reevaluation\INPUT_BINDING.json,verification/supporting_records/candidates/L2-A/subject/reevaluation/INPUT_BINDING.json,完整复制原字节
D:\Grad_Study\Practimum\Formalization\rr-l2-v1\candidate-67c83c8b4bf7\subject\reevaluation\RULES.json,verification/supporting_records/candidates/L2-A/subject/reevaluation/RULES.json,完整复制原字节
D:\Grad_Study\Practimum\Formalization\rr-l2-v1\candidate-67c83c8b4bf7\subject\upstream\ProbabilityTheory\chapter_07\def_7_3.lean,verification/supporting_records/candidates/L2-A/subject/upstream/ProbabilityTheory/chapter_07/def_7_3.lean,完整复制原字节
D:\Grad_Study\Practimum\Formalization\rr-l2-v1\candidate-67c83c8b4bf7\subject\upstream\ProbabilityTheory\chapter_09\def_9_1.lean,verification/supporting_records/candidates/L2-A/subject/upstream/ProbabilityTheory/chapter_09/def_9_1.lean,完整复制原字节
D:\Grad_Study\Practimum\Formalization\rr-l2-v1\candidate-67c83c8b4bf7\subject\upstream\ProbabilityTheory\chapter_10\def_10_2.lean,verification/supporting_records/candidates/L2-A/subject/upstream/ProbabilityTheory/chapter_10/def_10_2.lean,完整复制原字节
D:\Grad_Study\Practimum\Formalization\rr-l2-v1\candidate-67c83c8b4bf7\subject\upstream\ProbabilityTheory\chapter_11\thm_11_2.lean,verification/supporting_records/candidates/L2-A/subject/upstream/ProbabilityTheory/chapter_11/thm_11_2.lean,完整复制原字节
D:\Grad_Study\Practimum\Formalization\rr-l2-v1\candidate-67c83c8b4bf7\subject\upstream\ProbabilityTheory\chapter_10\thm_10_3.lean,verification/supporting_records/candidates/L2-A/subject/upstream/ProbabilityTheory/chapter_10/thm_10_3.lean,完整复制原字节
D:\Grad_Study\Practimum\Formalization\rr-l2-v1\candidate-67c83c8b4bf7\subject\upstream\ProbabilityTheory\chapter_10\def_10_1.lean,verification/supporting_records/candidates/L2-A/subject/upstream/ProbabilityTheory/chapter_10/def_10_1.lean,完整复制原字节
D:\Grad_Study\Practimum\Formalization\rr-l2-v1\candidate-67c83c8b4bf7\subject\upstream\ProbabilityTheory\chapter_07\thm_7_13.lean,verification/supporting_records/candidates/L2-A/subject/upstream/ProbabilityTheory/chapter_07/thm_7_13.lean,完整复制原字节
D:\Grad_Study\Practimum\Formalization\rr-l2-v1\candidate-67c83c8b4bf7\subject\upstream\ProbabilityTheory\chapter_06\def_6_3.lean,verification/supporting_records/candidates/L2-A/subject/upstream/ProbabilityTheory/chapter_06/def_6_3.lean,完整复制原字节
D:\Grad_Study\Practimum\Formalization\rr-l2-v1\candidate-67c83c8b4bf7\subject\upstream\ProbabilityTheory\chapter_05\thm_5_2.lean,verification/supporting_records/candidates/L2-A/subject/upstream/ProbabilityTheory/chapter_05/thm_5_2.lean,完整复制原字节
D:\Grad_Study\Practimum\Formalization\rr-l2-v1\candidate-67c83c8b4bf7\subject\upstream\ProbabilityTheory\chapter_05\def_5_2.lean,verification/supporting_records/candidates/L2-A/subject/upstream/ProbabilityTheory/chapter_05/def_5_2.lean,完整复制原字节
D:\Grad_Study\Practimum\Formalization\rr-l2-v1\candidate-67c83c8b4bf7\subject\upstream\ProbabilityTheory\chapter_05\def_5_1.lean,verification/supporting_records/candidates/L2-A/subject/upstream/ProbabilityTheory/chapter_05/def_5_1.lean,完整复制原字节
D:\Grad_Study\Practimum\Formalization\review_history_retro_20260901\research_framework\full_workflow_eval_codesign_20260910\evaluation_repair_r3_20260912\normalized\L2-candidate-67c83c8b4bf7-1.json,verification/supporting_records/candidates/L2-A/current_evidence/L2-candidate-67c83c8b4bf7-1.json,完整复制原字节
D:\Grad_Study\Practimum\Formalization\ep-a-stage-l3\development-ac-r1\cases\da84ef9a9f0ba214ab52b794960ac6abcbfd3cdefa45ae811e1d70dd9f8edf47\subject\candidate\ProbabilityTheory\chapter_07\prob_7_6.lean,verification/supporting_records/candidates/L3-A/subject/candidate/ProbabilityTheory/chapter_07/prob_7_6.lean,完整复制原字节
D:\Grad_Study\Practimum\Formalization\ep-a-stage-l3\development-ac-r1\cases\da84ef9a9f0ba214ab52b794960ac6abcbfd3cdefa45ae811e1d70dd9f8edf47\subject\candidate\ProbabilityTheory\chapter_10\ex_10_3_2.lean,verification/supporting_records/candidates/L3-A/subject/candidate/ProbabilityTheory/chapter_10/ex_10_3_2.lean,完整复制原字节
D:\Grad_Study\Practimum\Formalization\ep-a-stage-l3\development-ac-r1\cases\da84ef9a9f0ba214ab52b794960ac6abcbfd3cdefa45ae811e1d70dd9f8edf47\subject\source\SOURCE.tex,verification/supporting_records/candidates/L3-A/subject/source/SOURCE.tex,完整复制原字节
D:\Grad_Study\Practimum\Formalization\ep-a-stage-l3\development-ac-r1\cases\da84ef9a9f0ba214ab52b794960ac6abcbfd3cdefa45ae811e1d70dd9f8edf47\subject\task_contract\COMMON_RULES.zh-CN.md,verification/supporting_records/candidates/L3-A/subject/task_contract/COMMON_RULES.zh-CN.md,完整复制原字节
D:\Grad_Study\Practimum\Formalization\ep-a-stage-l3\development-ac-r1\cases\da84ef9a9f0ba214ab52b794960ac6abcbfd3cdefa45ae811e1d70dd9f8edf47\subject\task_contract\TASK.zh-CN.md,verification/supporting_records/candidates/L3-A/subject/task_contract/TASK.zh-CN.md,完整复制原字节
D:\Grad_Study\Practimum\Formalization\ep-a-stage-l3\development-ac-r1\cases\da84ef9a9f0ba214ab52b794960ac6abcbfd3cdefa45ae811e1d70dd9f8edf47\subject\tool_fact\technical-validation.json,verification/supporting_records/candidates/L3-A/subject/tool_fact/technical-validation.json,完整复制原字节
D:\Grad_Study\Practimum\Formalization\ep-a-stage-l3\development-ac-r1\cases\da84ef9a9f0ba214ab52b794960ac6abcbfd3cdefa45ae811e1d70dd9f8edf47\subject\upstream\ProbabilityTheory\chapter_10\def_10_4.lean,verification/supporting_records/candidates/L3-A/subject/upstream/ProbabilityTheory/chapter_10/def_10_4.lean,完整复制原字节
D:\Grad_Study\Practimum\Formalization\ep-a-stage-l3\development-ac-r1\cases\da84ef9a9f0ba214ab52b794960ac6abcbfd3cdefa45ae811e1d70dd9f8edf47\subject\upstream\ProbabilityTheory\chapter_10\def_10_5.lean,verification/supporting_records/candidates/L3-A/subject/upstream/ProbabilityTheory/chapter_10/def_10_5.lean,完整复制原字节
D:\Grad_Study\Practimum\Formalization\ep-a-stage-l3\development-ac-r1\cases\da84ef9a9f0ba214ab52b794960ac6abcbfd3cdefa45ae811e1d70dd9f8edf47\subject\upstream\ProbabilityTheory\chapter_08\prob_8_7.lean,verification/supporting_records/candidates/L3-A/subject/upstream/ProbabilityTheory/chapter_08/prob_8_7.lean,完整复制原字节
D:\Grad_Study\Practimum\Formalization\ep-a-stage-l3\development-ac-r1\cases\da84ef9a9f0ba214ab52b794960ac6abcbfd3cdefa45ae811e1d70dd9f8edf47\subject\upstream\ProbabilityTheory\chapter_10\thm_10_6.lean,verification/supporting_records/candidates/L3-A/subject/upstream/ProbabilityTheory/chapter_10/thm_10_6.lean,完整复制原字节
D:\Grad_Study\Practimum\Formalization\ep-a-stage-l3\development-ac-r1\cases\da84ef9a9f0ba214ab52b794960ac6abcbfd3cdefa45ae811e1d70dd9f8edf47\subject\upstream\ProbabilityTheory\chapter_14\thm_14_4.lean,verification/supporting_records/candidates/L3-A/subject/upstream/ProbabilityTheory/chapter_14/thm_14_4.lean,完整复制原字节
D:\Grad_Study\Practimum\Formalization\ep-a-stage-l3\development-ac-r1\cases\da84ef9a9f0ba214ab52b794960ac6abcbfd3cdefa45ae811e1d70dd9f8edf47\subject\upstream\ProbabilityTheory\chapter_14\def_14_1.lean,verification/supporting_records/candidates/L3-A/subject/upstream/ProbabilityTheory/chapter_14/def_14_1.lean,完整复制原字节
D:\Grad_Study\Practimum\Formalization\ep-a-stage-l3\development-ac-r1\cases\da84ef9a9f0ba214ab52b794960ac6abcbfd3cdefa45ae811e1d70dd9f8edf47\subject\upstream\ProbabilityTheory\chapter_10\ex_10_3_1.lean,verification/supporting_records/candidates/L3-A/subject/upstream/ProbabilityTheory/chapter_10/ex_10_3_1.lean,完整复制原字节
D:\Grad_Study\Practimum\Formalization\ep-a-stage-l3\development-ac-r1\cases\da84ef9a9f0ba214ab52b794960ac6abcbfd3cdefa45ae811e1d70dd9f8edf47\subject\upstream\ProbabilityTheory\chapter_14\thm_14_4_density_support.lean,verification/supporting_records/candidates/L3-A/subject/upstream/ProbabilityTheory/chapter_14/thm_14_4_density_support.lean,完整复制原字节
D:\Grad_Study\Practimum\Formalization\ep-a-stage-l3\development-ac-r1\cases\da84ef9a9f0ba214ab52b794960ac6abcbfd3cdefa45ae811e1d70dd9f8edf47\subject\upstream\ProbabilityTheory\chapter_08\def_8_5.lean,verification/supporting_records/candidates/L3-A/subject/upstream/ProbabilityTheory/chapter_08/def_8_5.lean,完整复制原字节
D:\Grad_Study\Practimum\Formalization\ep-a-stage-l3\development-ac-r1\cases\da84ef9a9f0ba214ab52b794960ac6abcbfd3cdefa45ae811e1d70dd9f8edf47\subject\upstream\ProbabilityTheory\chapter_14\thm_14_4_dominating_measure.lean,verification/supporting_records/candidates/L3-A/subject/upstream/ProbabilityTheory/chapter_14/thm_14_4_dominating_measure.lean,完整复制原字节
D:\Grad_Study\Practimum\Formalization\ep-a-stage-l3\development-ac-r1\cases\da84ef9a9f0ba214ab52b794960ac6abcbfd3cdefa45ae811e1d70dd9f8edf47\subject\upstream\ProbabilityTheory\chapter_13\thm_13_5.lean,verification/supporting_records/candidates/L3-A/subject/upstream/ProbabilityTheory/chapter_13/thm_13_5.lean,完整复制原字节
D:\Grad_Study\Practimum\Formalization\ep-a-stage-l3\development-ac-r1\cases\da84ef9a9f0ba214ab52b794960ac6abcbfd3cdefa45ae811e1d70dd9f8edf47\subject\upstream\ProbabilityTheory\chapter_07\thm_7_11.lean,verification/supporting_records/candidates/L3-A/subject/upstream/ProbabilityTheory/chapter_07/thm_7_11.lean,完整复制原字节
D:\Grad_Study\Practimum\Formalization\ep-a-stage-l3\development-ac-r1\cases\da84ef9a9f0ba214ab52b794960ac6abcbfd3cdefa45ae811e1d70dd9f8edf47\subject\upstream\ProbabilityTheory\chapter_08\thm_8_6.lean,verification/supporting_records/candidates/L3-A/subject/upstream/ProbabilityTheory/chapter_08/thm_8_6.lean,完整复制原字节
D:\Grad_Study\Practimum\Formalization\ep-a-stage-l3\development-ac-r1\cases\da84ef9a9f0ba214ab52b794960ac6abcbfd3cdefa45ae811e1d70dd9f8edf47\subject\upstream\ProbabilityTheory\common_support\tv_distance_core.lean,verification/supporting_records/candidates/L3-A/subject/upstream/ProbabilityTheory/common_support/tv_distance_core.lean,完整复制原字节
D:\Grad_Study\Practimum\Formalization\ep-a-stage-l3\development-ac-r1\cases\da84ef9a9f0ba214ab52b794960ac6abcbfd3cdefa45ae811e1d70dd9f8edf47\input-binding.json,verification/supporting_records/candidates/L3-A/input-binding.json,完整复制原字节
D:\Grad_Study\Practimum\Formalization\ep-a-stage-l3\development-ac-r1\cases\da84ef9a9f0ba214ab52b794960ac6abcbfd3cdefa45ae811e1d70dd9f8edf47\final\decision.json,verification/supporting_records/candidates/L3-A/final/decision.json,完整复制原字节
D:\Grad_Study\Practimum\Formalization\ep-a-stage-l3\development-ac-r1\cases\da84ef9a9f0ba214ab52b794960ac6abcbfd3cdefa45ae811e1d70dd9f8edf47\results\reviewer-1.json,verification/supporting_records/candidates/L3-A/results/reviewer-1.json,完整复制原字节
D:\Grad_Study\Practimum\Formalization\ep-a-stage-l3\development-ac-r1\cases\da84ef9a9f0ba214ab52b794960ac6abcbfd3cdefa45ae811e1d70dd9f8edf47\results\reviewer-2.json,verification/supporting_records/candidates/L3-A/results/reviewer-2.json,完整复制原字节
D:\Grad_Study\Practimum\Formalization\review_history_retro_20260901\research_framework\full_workflow_eval_codesign_20260910\evaluation_repair_r3_20260912\normalized\L3-candidate-ca86a7f5709c-1.json,verification/supporting_records/candidates/L3-A/current_evidence/L3-candidate-ca86a7f5709c-1.json,完整复制原字节
D:\Grad_Study\Practimum\Formalization\ep-a-stage-l7\development-ac-r1\cases\a5ef5c2f70ca8ec650cd55ef69e1ea9bb0f37cc956f22c4dd8115aa4740df669\subject\candidate\ProbabilityTheory\chapter_10\thm_10_10.lean,verification/supporting_records/candidates/L7-A/subject/candidate/ProbabilityTheory/chapter_10/thm_10_10.lean,完整复制原字节
D:\Grad_Study\Practimum\Formalization\ep-a-stage-l7\development-ac-r1\cases\a5ef5c2f70ca8ec650cd55ef69e1ea9bb0f37cc956f22c4dd8115aa4740df669\subject\source\SOURCE.tex,verification/supporting_records/candidates/L7-A/subject/source/SOURCE.tex,完整复制原字节
D:\Grad_Study\Practimum\Formalization\ep-a-stage-l7\development-ac-r1\cases\a5ef5c2f70ca8ec650cd55ef69e1ea9bb0f37cc956f22c4dd8115aa4740df669\subject\task_contract\COMMON_RULES.zh-CN.md,verification/supporting_records/candidates/L7-A/subject/task_contract/COMMON_RULES.zh-CN.md,完整复制原字节
D:\Grad_Study\Practimum\Formalization\ep-a-stage-l7\development-ac-r1\cases\a5ef5c2f70ca8ec650cd55ef69e1ea9bb0f37cc956f22c4dd8115aa4740df669\subject\task_contract\TASK.zh-CN.md,verification/supporting_records/candidates/L7-A/subject/task_contract/TASK.zh-CN.md,完整复制原字节
D:\Grad_Study\Practimum\Formalization\ep-a-stage-l7\development-ac-r1\cases\a5ef5c2f70ca8ec650cd55ef69e1ea9bb0f37cc956f22c4dd8115aa4740df669\subject\tool_fact\technical-validation.json,verification/supporting_records/candidates/L7-A/subject/tool_fact/technical-validation.json,完整复制原字节
D:\Grad_Study\Practimum\Formalization\ep-a-stage-l7\development-ac-r1\cases\a5ef5c2f70ca8ec650cd55ef69e1ea9bb0f37cc956f22c4dd8115aa4740df669\subject\upstream\ProbabilityTheory\chapter_10\def_10_6.lean,verification/supporting_records/candidates/L7-A/subject/upstream/ProbabilityTheory/chapter_10/def_10_6.lean,完整复制原字节
D:\Grad_Study\Practimum\Formalization\ep-a-stage-l7\development-ac-r1\cases\a5ef5c2f70ca8ec650cd55ef69e1ea9bb0f37cc956f22c4dd8115aa4740df669\subject\upstream\ProbabilityTheory\chapter_10\def_10_1.lean,verification/supporting_records/candidates/L7-A/subject/upstream/ProbabilityTheory/chapter_10/def_10_1.lean,完整复制原字节
D:\Grad_Study\Practimum\Formalization\ep-a-stage-l7\development-ac-r1\cases\a5ef5c2f70ca8ec650cd55ef69e1ea9bb0f37cc956f22c4dd8115aa4740df669\subject\upstream\ProbabilityTheory\chapter_10\def_10_2.lean,verification/supporting_records/candidates/L7-A/subject/upstream/ProbabilityTheory/chapter_10/def_10_2.lean,完整复制原字节
D:\Grad_Study\Practimum\Formalization\ep-a-stage-l7\development-ac-r1\cases\a5ef5c2f70ca8ec650cd55ef69e1ea9bb0f37cc956f22c4dd8115aa4740df669\subject\upstream\ProbabilityTheory\chapter_02\prob_2_4.lean,verification/supporting_records/candidates/L7-A/subject/upstream/ProbabilityTheory/chapter_02/prob_2_4.lean,完整复制原字节
D:\Grad_Study\Practimum\Formalization\ep-a-stage-l7\development-ac-r1\cases\a5ef5c2f70ca8ec650cd55ef69e1ea9bb0f37cc956f22c4dd8115aa4740df669\subject\upstream\ProbabilityTheory\chapter_02\def_2_5.lean,verification/supporting_records/candidates/L7-A/subject/upstream/ProbabilityTheory/chapter_02/def_2_5.lean,完整复制原字节
D:\Grad_Study\Practimum\Formalization\ep-a-stage-l7\development-ac-r1\cases\a5ef5c2f70ca8ec650cd55ef69e1ea9bb0f37cc956f22c4dd8115aa4740df669\subject\upstream\ProbabilityTheory\chapter_02\thm_2_3.lean,verification/supporting_records/candidates/L7-A/subject/upstream/ProbabilityTheory/chapter_02/thm_2_3.lean,完整复制原字节
D:\Grad_Study\Practimum\Formalization\ep-a-stage-l7\development-ac-r1\cases\a5ef5c2f70ca8ec650cd55ef69e1ea9bb0f37cc956f22c4dd8115aa4740df669\subject\upstream\ProbabilityTheory\chapter_02\thm_2_4.lean,verification/supporting_records/candidates/L7-A/subject/upstream/ProbabilityTheory/chapter_02/thm_2_4.lean,完整复制原字节
D:\Grad_Study\Practimum\Formalization\ep-a-stage-l7\development-ac-r1\cases\a5ef5c2f70ca8ec650cd55ef69e1ea9bb0f37cc956f22c4dd8115aa4740df669\subject\upstream\ProbabilityTheory\chapter_02\def_2_6.lean,verification/supporting_records/candidates/L7-A/subject/upstream/ProbabilityTheory/chapter_02/def_2_6.lean,完整复制原字节
D:\Grad_Study\Practimum\Formalization\ep-a-stage-l7\development-ac-r1\cases\a5ef5c2f70ca8ec650cd55ef69e1ea9bb0f37cc956f22c4dd8115aa4740df669\subject\upstream\ProbabilityTheory\chapter_02\thm_2_2.lean,verification/supporting_records/candidates/L7-A/subject/upstream/ProbabilityTheory/chapter_02/thm_2_2.lean,完整复制原字节
D:\Grad_Study\Practimum\Formalization\ep-a-stage-l7\development-ac-r1\cases\a5ef5c2f70ca8ec650cd55ef69e1ea9bb0f37cc956f22c4dd8115aa4740df669\subject\upstream\ProbabilityTheory\chapter_10\thm_10_9.lean,verification/supporting_records/candidates/L7-A/subject/upstream/ProbabilityTheory/chapter_10/thm_10_9.lean,完整复制原字节
D:\Grad_Study\Practimum\Formalization\ep-a-stage-l7\development-ac-r1\cases\a5ef5c2f70ca8ec650cd55ef69e1ea9bb0f37cc956f22c4dd8115aa4740df669\subject\upstream\ProbabilityTheory\chapter_02\thm_2_8.lean,verification/supporting_records/candidates/L7-A/subject/upstream/ProbabilityTheory/chapter_02/thm_2_8.lean,完整复制原字节
D:\Grad_Study\Practimum\Formalization\ep-a-stage-l7\development-ac-r1\cases\a5ef5c2f70ca8ec650cd55ef69e1ea9bb0f37cc956f22c4dd8115aa4740df669\subject\upstream\ProbabilityTheory\chapter_02\def_2_8.lean,verification/supporting_records/candidates/L7-A/subject/upstream/ProbabilityTheory/chapter_02/def_2_8.lean,完整复制原字节
D:\Grad_Study\Practimum\Formalization\ep-a-stage-l7\development-ac-r1\cases\a5ef5c2f70ca8ec650cd55ef69e1ea9bb0f37cc956f22c4dd8115aa4740df669\subject\upstream\ProbabilityTheory\chapter_02\def_2_7.lean,verification/supporting_records/candidates/L7-A/subject/upstream/ProbabilityTheory/chapter_02/def_2_7.lean,完整复制原字节
D:\Grad_Study\Practimum\Formalization\ep-a-stage-l7\development-ac-r1\cases\a5ef5c2f70ca8ec650cd55ef69e1ea9bb0f37cc956f22c4dd8115aa4740df669\subject\upstream\ProbabilityTheory\chapter_02\thm_2_6.lean,verification/supporting_records/candidates/L7-A/subject/upstream/ProbabilityTheory/chapter_02/thm_2_6.lean,完整复制原字节
D:\Grad_Study\Practimum\Formalization\ep-a-stage-l7\development-ac-r1\cases\a5ef5c2f70ca8ec650cd55ef69e1ea9bb0f37cc956f22c4dd8115aa4740df669\input-binding.json,verification/supporting_records/candidates/L7-A/input-binding.json,完整复制原字节
D:\Grad_Study\Practimum\Formalization\ep-a-stage-l7\development-ac-r1\cases\a5ef5c2f70ca8ec650cd55ef69e1ea9bb0f37cc956f22c4dd8115aa4740df669\final\decision.json,verification/supporting_records/candidates/L7-A/final/decision.json,完整复制原字节
D:\Grad_Study\Practimum\Formalization\ep-a-stage-l7\development-ac-r1\cases\a5ef5c2f70ca8ec650cd55ef69e1ea9bb0f37cc956f22c4dd8115aa4740df669\results\adjudicator.json,verification/supporting_records/candidates/L7-A/results/adjudicator.json,完整复制原字节
D:\Grad_Study\Practimum\Formalization\ep-a-stage-l7\development-ac-r1\cases\a5ef5c2f70ca8ec650cd55ef69e1ea9bb0f37cc956f22c4dd8115aa4740df669\results\reviewer-1.json,verification/supporting_records/candidates/L7-A/results/reviewer-1.json,完整复制原字节
D:\Grad_Study\Practimum\Formalization\ep-a-stage-l7\development-ac-r1\cases\a5ef5c2f70ca8ec650cd55ef69e1ea9bb0f37cc956f22c4dd8115aa4740df669\results\reviewer-2.json,verification/supporting_records/candidates/L7-A/results/reviewer-2.json,完整复制原字节
D:\Grad_Study\Practimum\Formalization\ep-a-stage-l7\development-ac-r1\cases\a5ef5c2f70ca8ec650cd55ef69e1ea9bb0f37cc956f22c4dd8115aa4740df669\results\adjudicator.json,verification/supporting_records/candidates/L7-A/current_evidence/adjudicator.json,完整复制原字节
D:\Grad_Study\Practimum\Formalization\ep-a-stage-l7\development-ac-r1\cases\a5ef5c2f70ca8ec650cd55ef69e1ea9bb0f37cc956f22c4dd8115aa4740df669\results\reviewer-1.json,verification/supporting_records/candidates/L7-A/current_evidence/reviewer-1.json,完整复制原字节
D:\Grad_Study\Practimum\Formalization\ep-a-stage-l7\development-ac-r1\cases\a5ef5c2f70ca8ec650cd55ef69e1ea9bb0f37cc956f22c4dd8115aa4740df669\results\reviewer-2.json,verification/supporting_records/candidates/L7-A/current_evidence/reviewer-2.json,完整复制原字节
D:\Grad_Study\Practimum\Formalization\rr-l2-v1\candidate-92da00620333\subject\candidate\ProbabilityTheory\chapter_11\thm_11_4.lean,verification/supporting_records/candidates/L2-B/subject/candidate/ProbabilityTheory/chapter_11/thm_11_4.lean,完整复制原字节
D:\Grad_Study\Practimum\Formalization\rr-l2-v1\candidate-92da00620333\subject\candidate\ProbabilityTheory\chapter_11\thm_11_5.lean,verification/supporting_records/candidates/L2-B/subject/candidate/ProbabilityTheory/chapter_11/thm_11_5.lean,完整复制原字节
D:\Grad_Study\Practimum\Formalization\rr-l2-v1\candidate-92da00620333\subject\source\SOURCE.tex,verification/supporting_records/candidates/L2-B/subject/source/SOURCE.tex,完整复制原字节
D:\Grad_Study\Practimum\Formalization\rr-l2-v1\candidate-92da00620333\subject\task_contract\COMMON_RULES.zh-CN.md,verification/supporting_records/candidates/L2-B/subject/task_contract/COMMON_RULES.zh-CN.md,完整复制原字节
D:\Grad_Study\Practimum\Formalization\rr-l2-v1\candidate-92da00620333\subject\task_contract\TASK.zh-CN.md,verification/supporting_records/candidates/L2-B/subject/task_contract/TASK.zh-CN.md,完整复制原字节
D:\Grad_Study\Practimum\Formalization\rr-l2-v1\candidate-92da00620333\subject\tool_fact\technical-validation.json,verification/supporting_records/candidates/L2-B/subject/tool_fact/technical-validation.json,完整复制原字节
D:\Grad_Study\Practimum\Formalization\rr-l2-v1\candidate-92da00620333\subject\reevaluation\INPUT_BINDING.json,verification/supporting_records/candidates/L2-B/subject/reevaluation/INPUT_BINDING.json,完整复制原字节
D:\Grad_Study\Practimum\Formalization\rr-l2-v1\candidate-92da00620333\subject\reevaluation\RULES.json,verification/supporting_records/candidates/L2-B/subject/reevaluation/RULES.json,完整复制原字节
D:\Grad_Study\Practimum\Formalization\rr-l2-v1\candidate-92da00620333\subject\upstream\ProbabilityTheory\chapter_10\def_10_2.lean,verification/supporting_records/candidates/L2-B/subject/upstream/ProbabilityTheory/chapter_10/def_10_2.lean,完整复制原字节
D:\Grad_Study\Practimum\Formalization\rr-l2-v1\candidate-92da00620333\subject\upstream\ProbabilityTheory\chapter_11\thm_11_2.lean,verification/supporting_records/candidates/L2-B/subject/upstream/ProbabilityTheory/chapter_11/thm_11_2.lean,完整复制原字节
D:\Grad_Study\Practimum\Formalization\rr-l2-v1\candidate-92da00620333\subject\upstream\ProbabilityTheory\chapter_09\def_9_1.lean,verification/supporting_records/candidates/L2-B/subject/upstream/ProbabilityTheory/chapter_09/def_9_1.lean,完整复制原字节
D:\Grad_Study\Practimum\Formalization\rr-l2-v1\candidate-92da00620333\subject\upstream\ProbabilityTheory\chapter_10\thm_10_3.lean,verification/supporting_records/candidates/L2-B/subject/upstream/ProbabilityTheory/chapter_10/thm_10_3.lean,完整复制原字节
D:\Grad_Study\Practimum\Formalization\rr-l2-v1\candidate-92da00620333\subject\upstream\ProbabilityTheory\chapter_10\def_10_1.lean,verification/supporting_records/candidates/L2-B/subject/upstream/ProbabilityTheory/chapter_10/def_10_1.lean,完整复制原字节
D:\Grad_Study\Practimum\Formalization\rr-l2-v1\candidate-92da00620333\subject\upstream\ProbabilityTheory\chapter_07\def_7_3.lean,verification/supporting_records/candidates/L2-B/subject/upstream/ProbabilityTheory/chapter_07/def_7_3.lean,完整复制原字节
D:\Grad_Study\Practimum\Formalization\rr-l2-v1\candidate-92da00620333\subject\upstream\ProbabilityTheory\chapter_07\thm_7_13.lean,verification/supporting_records/candidates/L2-B/subject/upstream/ProbabilityTheory/chapter_07/thm_7_13.lean,完整复制原字节
D:\Grad_Study\Practimum\Formalization\rr-l2-v1\candidate-92da00620333\subject\upstream\ProbabilityTheory\chapter_06\def_6_3.lean,verification/supporting_records/candidates/L2-B/subject/upstream/ProbabilityTheory/chapter_06/def_6_3.lean,完整复制原字节
D:\Grad_Study\Practimum\Formalization\rr-l2-v1\candidate-92da00620333\subject\upstream\ProbabilityTheory\chapter_05\thm_5_2.lean,verification/supporting_records/candidates/L2-B/subject/upstream/ProbabilityTheory/chapter_05/thm_5_2.lean,完整复制原字节
D:\Grad_Study\Practimum\Formalization\rr-l2-v1\candidate-92da00620333\subject\upstream\ProbabilityTheory\chapter_05\def_5_2.lean,verification/supporting_records/candidates/L2-B/subject/upstream/ProbabilityTheory/chapter_05/def_5_2.lean,完整复制原字节
D:\Grad_Study\Practimum\Formalization\rr-l2-v1\candidate-92da00620333\subject\upstream\ProbabilityTheory\chapter_05\def_5_1.lean,verification/supporting_records/candidates/L2-B/subject/upstream/ProbabilityTheory/chapter_05/def_5_1.lean,完整复制原字节
D:\Grad_Study\Practimum\Formalization\review_history_retro_20260901\research_framework\full_workflow_eval_codesign_20260910\evaluation_repair_r3_20260912\normalized\L2-candidate-92da00620333-1.json,verification/supporting_records/candidates/L2-B/current_evidence/L2-candidate-92da00620333-1.json,完整复制原字节
D:\Grad_Study\Practimum\Formalization\review_history_retro_20260901\research_framework\full_workflow_eval_codesign_20260910\evaluation_repair_r3_20260912\normalized\L2-candidate-92da00620333-2.json,verification/supporting_records/candidates/L2-B/current_evidence/L2-candidate-92da00620333-2.json,完整复制原字节
D:\Grad_Study\Practimum\Formalization\ep-bc-l3-b\development-b-r4\cases\447c36e582349b851e226f61f1ffe27bf131228f880a4e333ed0870f57bf457b\subject\candidate\ProbabilityTheory\chapter_07\prob_7_6.lean,verification/supporting_records/candidates/L3-B/subject/candidate/ProbabilityTheory/chapter_07/prob_7_6.lean,完整复制原字节
D:\Grad_Study\Practimum\Formalization\ep-bc-l3-b\development-b-r4\cases\447c36e582349b851e226f61f1ffe27bf131228f880a4e333ed0870f57bf457b\subject\candidate\ProbabilityTheory\chapter_10\ex_10_3_2.lean,verification/supporting_records/candidates/L3-B/subject/candidate/ProbabilityTheory/chapter_10/ex_10_3_2.lean,完整复制原字节
D:\Grad_Study\Practimum\Formalization\ep-bc-l3-b\development-b-r4\cases\447c36e582349b851e226f61f1ffe27bf131228f880a4e333ed0870f57bf457b\subject\source\SOURCE.tex,verification/supporting_records/candidates/L3-B/subject/source/SOURCE.tex,完整复制原字节
D:\Grad_Study\Practimum\Formalization\ep-bc-l3-b\development-b-r4\cases\447c36e582349b851e226f61f1ffe27bf131228f880a4e333ed0870f57bf457b\subject\task_contract\COMMON_RULES.zh-CN.md,verification/supporting_records/candidates/L3-B/subject/task_contract/COMMON_RULES.zh-CN.md,完整复制原字节
D:\Grad_Study\Practimum\Formalization\ep-bc-l3-b\development-b-r4\cases\447c36e582349b851e226f61f1ffe27bf131228f880a4e333ed0870f57bf457b\subject\task_contract\TASK.zh-CN.md,verification/supporting_records/candidates/L3-B/subject/task_contract/TASK.zh-CN.md,完整复制原字节
D:\Grad_Study\Practimum\Formalization\ep-bc-l3-b\development-b-r4\cases\447c36e582349b851e226f61f1ffe27bf131228f880a4e333ed0870f57bf457b\subject\tool_fact\technical-validation.json,verification/supporting_records/candidates/L3-B/subject/tool_fact/technical-validation.json,完整复制原字节
D:\Grad_Study\Practimum\Formalization\ep-bc-l3-b\development-b-r4\cases\447c36e582349b851e226f61f1ffe27bf131228f880a4e333ed0870f57bf457b\subject\upstream\ProbabilityTheory\chapter_08\prob_8_7.lean,verification/supporting_records/candidates/L3-B/subject/upstream/ProbabilityTheory/chapter_08/prob_8_7.lean,完整复制原字节
D:\Grad_Study\Practimum\Formalization\ep-bc-l3-b\development-b-r4\cases\447c36e582349b851e226f61f1ffe27bf131228f880a4e333ed0870f57bf457b\subject\upstream\ProbabilityTheory\chapter_10\thm_10_6.lean,verification/supporting_records/candidates/L3-B/subject/upstream/ProbabilityTheory/chapter_10/thm_10_6.lean,完整复制原字节
D:\Grad_Study\Practimum\Formalization\ep-bc-l3-b\development-b-r4\cases\447c36e582349b851e226f61f1ffe27bf131228f880a4e333ed0870f57bf457b\subject\upstream\ProbabilityTheory\chapter_14\thm_14_4.lean,verification/supporting_records/candidates/L3-B/subject/upstream/ProbabilityTheory/chapter_14/thm_14_4.lean,完整复制原字节
D:\Grad_Study\Practimum\Formalization\ep-bc-l3-b\development-b-r4\cases\447c36e582349b851e226f61f1ffe27bf131228f880a4e333ed0870f57bf457b\subject\upstream\ProbabilityTheory\common_support\tv_distance_core.lean,verification/supporting_records/candidates/L3-B/subject/upstream/ProbabilityTheory/common_support/tv_distance_core.lean,完整复制原字节
D:\Grad_Study\Practimum\Formalization\ep-bc-l3-b\development-b-r4\cases\447c36e582349b851e226f61f1ffe27bf131228f880a4e333ed0870f57bf457b\subject\upstream\ProbabilityTheory\chapter_08\def_8_5.lean,verification/supporting_records/candidates/L3-B/subject/upstream/ProbabilityTheory/chapter_08/def_8_5.lean,完整复制原字节
D:\Grad_Study\Practimum\Formalization\ep-bc-l3-b\development-b-r4\cases\447c36e582349b851e226f61f1ffe27bf131228f880a4e333ed0870f57bf457b\subject\upstream\ProbabilityTheory\chapter_14\def_14_1.lean,verification/supporting_records/candidates/L3-B/subject/upstream/ProbabilityTheory/chapter_14/def_14_1.lean,完整复制原字节
D:\Grad_Study\Practimum\Formalization\ep-bc-l3-b\development-b-r4\cases\447c36e582349b851e226f61f1ffe27bf131228f880a4e333ed0870f57bf457b\subject\upstream\ProbabilityTheory\chapter_10\ex_10_3_1.lean,verification/supporting_records/candidates/L3-B/subject/upstream/ProbabilityTheory/chapter_10/ex_10_3_1.lean,完整复制原字节
D:\Grad_Study\Practimum\Formalization\ep-bc-l3-b\development-b-r4\cases\447c36e582349b851e226f61f1ffe27bf131228f880a4e333ed0870f57bf457b\subject\upstream\ProbabilityTheory\chapter_14\thm_14_4_density_support.lean,verification/supporting_records/candidates/L3-B/subject/upstream/ProbabilityTheory/chapter_14/thm_14_4_density_support.lean,完整复制原字节
D:\Grad_Study\Practimum\Formalization\ep-bc-l3-b\development-b-r4\cases\447c36e582349b851e226f61f1ffe27bf131228f880a4e333ed0870f57bf457b\subject\upstream\ProbabilityTheory\chapter_14\thm_14_4_dominating_measure.lean,verification/supporting_records/candidates/L3-B/subject/upstream/ProbabilityTheory/chapter_14/thm_14_4_dominating_measure.lean,完整复制原字节
D:\Grad_Study\Practimum\Formalization\ep-bc-l3-b\development-b-r4\cases\447c36e582349b851e226f61f1ffe27bf131228f880a4e333ed0870f57bf457b\subject\upstream\ProbabilityTheory\chapter_13\thm_13_5.lean,verification/supporting_records/candidates/L3-B/subject/upstream/ProbabilityTheory/chapter_13/thm_13_5.lean,完整复制原字节
D:\Grad_Study\Practimum\Formalization\ep-bc-l3-b\development-b-r4\cases\447c36e582349b851e226f61f1ffe27bf131228f880a4e333ed0870f57bf457b\subject\upstream\ProbabilityTheory\chapter_10\def_10_4.lean,verification/supporting_records/candidates/L3-B/subject/upstream/ProbabilityTheory/chapter_10/def_10_4.lean,完整复制原字节
D:\Grad_Study\Practimum\Formalization\ep-bc-l3-b\development-b-r4\cases\447c36e582349b851e226f61f1ffe27bf131228f880a4e333ed0870f57bf457b\subject\upstream\ProbabilityTheory\chapter_10\def_10_5.lean,verification/supporting_records/candidates/L3-B/subject/upstream/ProbabilityTheory/chapter_10/def_10_5.lean,完整复制原字节
D:\Grad_Study\Practimum\Formalization\ep-bc-l3-b\development-b-r4\cases\447c36e582349b851e226f61f1ffe27bf131228f880a4e333ed0870f57bf457b\subject\upstream\ProbabilityTheory\chapter_07\thm_7_11.lean,verification/supporting_records/candidates/L3-B/subject/upstream/ProbabilityTheory/chapter_07/thm_7_11.lean,完整复制原字节
D:\Grad_Study\Practimum\Formalization\ep-bc-l3-b\development-b-r4\cases\447c36e582349b851e226f61f1ffe27bf131228f880a4e333ed0870f57bf457b\subject\upstream\ProbabilityTheory\chapter_08\thm_8_6.lean,verification/supporting_records/candidates/L3-B/subject/upstream/ProbabilityTheory/chapter_08/thm_8_6.lean,完整复制原字节
D:\Grad_Study\Practimum\Formalization\ep-bc-l3-b\development-b-r4\cases\447c36e582349b851e226f61f1ffe27bf131228f880a4e333ed0870f57bf457b\input-binding.json,verification/supporting_records/candidates/L3-B/input-binding.json,完整复制原字节
D:\Grad_Study\Practimum\Formalization\ep-bc-l3-b\development-b-r4\cases\447c36e582349b851e226f61f1ffe27bf131228f880a4e333ed0870f57bf457b\final\decision.json,verification/supporting_records/candidates/L3-B/final/decision.json,完整复制原字节
D:\Grad_Study\Practimum\Formalization\ep-bc-l3-b\development-b-r4\cases\447c36e582349b851e226f61f1ffe27bf131228f880a4e333ed0870f57bf457b\results\adjudicator.json,verification/supporting_records/candidates/L3-B/results/adjudicator.json,完整复制原字节
D:\Grad_Study\Practimum\Formalization\ep-bc-l3-b\development-b-r4\cases\447c36e582349b851e226f61f1ffe27bf131228f880a4e333ed0870f57bf457b\results\reviewer-1.json,verification/supporting_records/candidates/L3-B/results/reviewer-1.json,完整复制原字节
D:\Grad_Study\Practimum\Formalization\ep-bc-l3-b\development-b-r4\cases\447c36e582349b851e226f61f1ffe27bf131228f880a4e333ed0870f57bf457b\results\reviewer-2.json,verification/supporting_records/candidates/L3-B/results/reviewer-2.json,完整复制原字节
D:\Grad_Study\Practimum\Formalization\review_history_retro_20260901\research_framework\full_workflow_eval_codesign_20260910\evaluation_repair_r3_20260912\normalized\L3-candidate-b299284a15fd-1.json,verification/supporting_records/candidates/L3-B/current_evidence/L3-candidate-b299284a15fd-1.json,完整复制原字节
D:\Grad_Study\Practimum\Formalization\ep-bc-l7-b\development-b-r4\cases\101c389bf124f99e0871e4bf3b4e34e2e547b70e38ceee81bce94ee334b27154\subject\candidate\ProbabilityTheory\chapter_10\thm_10_10.lean,verification/supporting_records/candidates/L7-B/subject/candidate/ProbabilityTheory/chapter_10/thm_10_10.lean,完整复制原字节
D:\Grad_Study\Practimum\Formalization\ep-bc-l7-b\development-b-r4\cases\101c389bf124f99e0871e4bf3b4e34e2e547b70e38ceee81bce94ee334b27154\subject\candidate\ProbabilityTheory\chapter_10\thm_10_11.lean,verification/supporting_records/candidates/L7-B/subject/candidate/ProbabilityTheory/chapter_10/thm_10_11.lean,完整复制原字节
D:\Grad_Study\Practimum\Formalization\ep-bc-l7-b\development-b-r4\cases\101c389bf124f99e0871e4bf3b4e34e2e547b70e38ceee81bce94ee334b27154\subject\source\SOURCE.tex,verification/supporting_records/candidates/L7-B/subject/source/SOURCE.tex,完整复制原字节
D:\Grad_Study\Practimum\Formalization\ep-bc-l7-b\development-b-r4\cases\101c389bf124f99e0871e4bf3b4e34e2e547b70e38ceee81bce94ee334b27154\subject\task_contract\COMMON_RULES.zh-CN.md,verification/supporting_records/candidates/L7-B/subject/task_contract/COMMON_RULES.zh-CN.md,完整复制原字节
D:\Grad_Study\Practimum\Formalization\ep-bc-l7-b\development-b-r4\cases\101c389bf124f99e0871e4bf3b4e34e2e547b70e38ceee81bce94ee334b27154\subject\task_contract\TASK.zh-CN.md,verification/supporting_records/candidates/L7-B/subject/task_contract/TASK.zh-CN.md,完整复制原字节
D:\Grad_Study\Practimum\Formalization\ep-bc-l7-b\development-b-r4\cases\101c389bf124f99e0871e4bf3b4e34e2e547b70e38ceee81bce94ee334b27154\subject\tool_fact\technical-validation.json,verification/supporting_records/candidates/L7-B/subject/tool_fact/technical-validation.json,完整复制原字节
D:\Grad_Study\Practimum\Formalization\ep-bc-l7-b\development-b-r4\cases\101c389bf124f99e0871e4bf3b4e34e2e547b70e38ceee81bce94ee334b27154\subject\upstream\ProbabilityTheory\chapter_02\prob_2_4.lean,verification/supporting_records/candidates/L7-B/subject/upstream/ProbabilityTheory/chapter_02/prob_2_4.lean,完整复制原字节
D:\Grad_Study\Practimum\Formalization\ep-bc-l7-b\development-b-r4\cases\101c389bf124f99e0871e4bf3b4e34e2e547b70e38ceee81bce94ee334b27154\subject\upstream\ProbabilityTheory\chapter_10\def_10_6.lean,verification/supporting_records/candidates/L7-B/subject/upstream/ProbabilityTheory/chapter_10/def_10_6.lean,完整复制原字节
D:\Grad_Study\Practimum\Formalization\ep-bc-l7-b\development-b-r4\cases\101c389bf124f99e0871e4bf3b4e34e2e547b70e38ceee81bce94ee334b27154\subject\upstream\ProbabilityTheory\chapter_10\def_10_1.lean,verification/supporting_records/candidates/L7-B/subject/upstream/ProbabilityTheory/chapter_10/def_10_1.lean,完整复制原字节
D:\Grad_Study\Practimum\Formalization\ep-bc-l7-b\development-b-r4\cases\101c389bf124f99e0871e4bf3b4e34e2e547b70e38ceee81bce94ee334b27154\subject\upstream\ProbabilityTheory\chapter_10\def_10_2.lean,verification/supporting_records/candidates/L7-B/subject/upstream/ProbabilityTheory/chapter_10/def_10_2.lean,完整复制原字节
D:\Grad_Study\Practimum\Formalization\ep-bc-l7-b\development-b-r4\cases\101c389bf124f99e0871e4bf3b4e34e2e547b70e38ceee81bce94ee334b27154\subject\upstream\ProbabilityTheory\chapter_10\thm_10_9.lean,verification/supporting_records/candidates/L7-B/subject/upstream/ProbabilityTheory/chapter_10/thm_10_9.lean,完整复制原字节
D:\Grad_Study\Practimum\Formalization\ep-bc-l7-b\development-b-r4\cases\101c389bf124f99e0871e4bf3b4e34e2e547b70e38ceee81bce94ee334b27154\subject\upstream\ProbabilityTheory\chapter_02\thm_2_8.lean,verification/supporting_records/candidates/L7-B/subject/upstream/ProbabilityTheory/chapter_02/thm_2_8.lean,完整复制原字节
D:\Grad_Study\Practimum\Formalization\ep-bc-l7-b\development-b-r4\cases\101c389bf124f99e0871e4bf3b4e34e2e547b70e38ceee81bce94ee334b27154\subject\upstream\ProbabilityTheory\chapter_02\def_2_8.lean,verification/supporting_records/candidates/L7-B/subject/upstream/ProbabilityTheory/chapter_02/def_2_8.lean,完整复制原字节
D:\Grad_Study\Practimum\Formalization\ep-bc-l7-b\development-b-r4\cases\101c389bf124f99e0871e4bf3b4e34e2e547b70e38ceee81bce94ee334b27154\subject\upstream\ProbabilityTheory\chapter_02\def_2_7.lean,verification/supporting_records/candidates/L7-B/subject/upstream/ProbabilityTheory/chapter_02/def_2_7.lean,完整复制原字节
D:\Grad_Study\Practimum\Formalization\ep-bc-l7-b\development-b-r4\cases\101c389bf124f99e0871e4bf3b4e34e2e547b70e38ceee81bce94ee334b27154\subject\upstream\ProbabilityTheory\chapter_02\thm_2_6.lean,verification/supporting_records/candidates/L7-B/subject/upstream/ProbabilityTheory/chapter_02/thm_2_6.lean,完整复制原字节
D:\Grad_Study\Practimum\Formalization\ep-bc-l7-b\development-b-r4\cases\101c389bf124f99e0871e4bf3b4e34e2e547b70e38ceee81bce94ee334b27154\subject\upstream\ProbabilityTheory\chapter_02\def_2_5.lean,verification/supporting_records/candidates/L7-B/subject/upstream/ProbabilityTheory/chapter_02/def_2_5.lean,完整复制原字节
D:\Grad_Study\Practimum\Formalization\ep-bc-l7-b\development-b-r4\cases\101c389bf124f99e0871e4bf3b4e34e2e547b70e38ceee81bce94ee334b27154\subject\upstream\ProbabilityTheory\chapter_02\thm_2_3.lean,verification/supporting_records/candidates/L7-B/subject/upstream/ProbabilityTheory/chapter_02/thm_2_3.lean,完整复制原字节
D:\Grad_Study\Practimum\Formalization\ep-bc-l7-b\development-b-r4\cases\101c389bf124f99e0871e4bf3b4e34e2e547b70e38ceee81bce94ee334b27154\subject\upstream\ProbabilityTheory\chapter_02\thm_2_4.lean,verification/supporting_records/candidates/L7-B/subject/upstream/ProbabilityTheory/chapter_02/thm_2_4.lean,完整复制原字节
D:\Grad_Study\Practimum\Formalization\ep-bc-l7-b\development-b-r4\cases\101c389bf124f99e0871e4bf3b4e34e2e547b70e38ceee81bce94ee334b27154\subject\upstream\ProbabilityTheory\chapter_02\def_2_6.lean,verification/supporting_records/candidates/L7-B/subject/upstream/ProbabilityTheory/chapter_02/def_2_6.lean,完整复制原字节
D:\Grad_Study\Practimum\Formalization\ep-bc-l7-b\development-b-r4\cases\101c389bf124f99e0871e4bf3b4e34e2e547b70e38ceee81bce94ee334b27154\subject\upstream\ProbabilityTheory\chapter_02\thm_2_2.lean,verification/supporting_records/candidates/L7-B/subject/upstream/ProbabilityTheory/chapter_02/thm_2_2.lean,完整复制原字节
D:\Grad_Study\Practimum\Formalization\ep-bc-l7-b\development-b-r4\cases\101c389bf124f99e0871e4bf3b4e34e2e547b70e38ceee81bce94ee334b27154\input-binding.json,verification/supporting_records/candidates/L7-B/input-binding.json,完整复制原字节
D:\Grad_Study\Practimum\Formalization\ep-bc-l7-b\development-b-r4\cases\101c389bf124f99e0871e4bf3b4e34e2e547b70e38ceee81bce94ee334b27154\final\decision.json,verification/supporting_records/candidates/L7-B/final/decision.json,完整复制原字节
D:\Grad_Study\Practimum\Formalization\ep-bc-l7-b\development-b-r4\cases\101c389bf124f99e0871e4bf3b4e34e2e547b70e38ceee81bce94ee334b27154\results\adjudicator.json,verification/supporting_records/candidates/L7-B/results/adjudicator.json,完整复制原字节
D:\Grad_Study\Practimum\Formalization\ep-bc-l7-b\development-b-r4\cases\101c389bf124f99e0871e4bf3b4e34e2e547b70e38ceee81bce94ee334b27154\results\reviewer-1.json,verification/supporting_records/candidates/L7-B/results/reviewer-1.json,完整复制原字节
D:\Grad_Study\Practimum\Formalization\ep-bc-l7-b\development-b-r4\cases\101c389bf124f99e0871e4bf3b4e34e2e547b70e38ceee81bce94ee334b27154\results\reviewer-2.json,verification/supporting_records/candidates/L7-B/results/reviewer-2.json,完整复制原字节
D:\Grad_Study\Practimum\Formalization\ep-bc-l7-b\development-b-r4\cases\101c389bf124f99e0871e4bf3b4e34e2e547b70e38ceee81bce94ee334b27154\results\adjudicator.json,verification/supporting_records/candidates/L7-B/current_evidence/adjudicator.json,完整复制原字节
D:\Grad_Study\Practimum\Formalization\ep-bc-l7-b\development-b-r4\cases\101c389bf124f99e0871e4bf3b4e34e2e547b70e38ceee81bce94ee334b27154\results\reviewer-1.json,verification/supporting_records/candidates/L7-B/current_evidence/reviewer-1.json,完整复制原字节
D:\Grad_Study\Practimum\Formalization\ep-bc-l7-b\development-b-r4\cases\101c389bf124f99e0871e4bf3b4e34e2e547b70e38ceee81bce94ee334b27154\results\reviewer-2.json,verification/supporting_records/candidates/L7-B/current_evidence/reviewer-2.json,完整复制原字节
D:\Grad_Study\Practimum\Formalization\ep-bc-l7-b\development-b-r4\cases\101c389bf124f99e0871e4bf3b4e34e2e547b70e38ceee81bce94ee334b27154\subject\candidate\ProbabilityTheory\chapter_10\thm_10_11.lean,verification/supporting_records/candidates/L7-B/current_evidence/thm_10_11.lean,完整复制原字节
D:\Grad_Study\Practimum\Formalization\rr-l2-v1\candidate-dddb2b2aae36\subject\candidate\ProbabilityTheory\chapter_11\thm_11_4.lean,verification/supporting_records/candidates/L2-C/subject/candidate/ProbabilityTheory/chapter_11/thm_11_4.lean,完整复制原字节
D:\Grad_Study\Practimum\Formalization\rr-l2-v1\candidate-dddb2b2aae36\subject\candidate\ProbabilityTheory\chapter_11\thm_11_5.lean,verification/supporting_records/candidates/L2-C/subject/candidate/ProbabilityTheory/chapter_11/thm_11_5.lean,完整复制原字节
D:\Grad_Study\Practimum\Formalization\rr-l2-v1\candidate-dddb2b2aae36\subject\source\SOURCE.tex,verification/supporting_records/candidates/L2-C/subject/source/SOURCE.tex,完整复制原字节
D:\Grad_Study\Practimum\Formalization\rr-l2-v1\candidate-dddb2b2aae36\subject\task_contract\COMMON_RULES.zh-CN.md,verification/supporting_records/candidates/L2-C/subject/task_contract/COMMON_RULES.zh-CN.md,完整复制原字节
D:\Grad_Study\Practimum\Formalization\rr-l2-v1\candidate-dddb2b2aae36\subject\task_contract\TASK.zh-CN.md,verification/supporting_records/candidates/L2-C/subject/task_contract/TASK.zh-CN.md,完整复制原字节
D:\Grad_Study\Practimum\Formalization\rr-l2-v1\candidate-dddb2b2aae36\subject\tool_fact\technical-validation.json,verification/supporting_records/candidates/L2-C/subject/tool_fact/technical-validation.json,完整复制原字节
D:\Grad_Study\Practimum\Formalization\rr-l2-v1\candidate-dddb2b2aae36\subject\reevaluation\INPUT_BINDING.json,verification/supporting_records/candidates/L2-C/subject/reevaluation/INPUT_BINDING.json,完整复制原字节
D:\Grad_Study\Practimum\Formalization\rr-l2-v1\candidate-dddb2b2aae36\subject\reevaluation\RULES.json,verification/supporting_records/candidates/L2-C/subject/reevaluation/RULES.json,完整复制原字节
D:\Grad_Study\Practimum\Formalization\rr-l2-v1\candidate-dddb2b2aae36\subject\upstream\ProbabilityTheory\chapter_10\def_10_2.lean,verification/supporting_records/candidates/L2-C/subject/upstream/ProbabilityTheory/chapter_10/def_10_2.lean,完整复制原字节
D:\Grad_Study\Practimum\Formalization\rr-l2-v1\candidate-dddb2b2aae36\subject\upstream\ProbabilityTheory\chapter_11\thm_11_2.lean,verification/supporting_records/candidates/L2-C/subject/upstream/ProbabilityTheory/chapter_11/thm_11_2.lean,完整复制原字节
D:\Grad_Study\Practimum\Formalization\rr-l2-v1\candidate-dddb2b2aae36\subject\upstream\ProbabilityTheory\chapter_09\def_9_1.lean,verification/supporting_records/candidates/L2-C/subject/upstream/ProbabilityTheory/chapter_09/def_9_1.lean,完整复制原字节
D:\Grad_Study\Practimum\Formalization\rr-l2-v1\candidate-dddb2b2aae36\subject\upstream\ProbabilityTheory\chapter_10\thm_10_3.lean,verification/supporting_records/candidates/L2-C/subject/upstream/ProbabilityTheory/chapter_10/thm_10_3.lean,完整复制原字节
D:\Grad_Study\Practimum\Formalization\rr-l2-v1\candidate-dddb2b2aae36\subject\upstream\ProbabilityTheory\chapter_10\def_10_1.lean,verification/supporting_records/candidates/L2-C/subject/upstream/ProbabilityTheory/chapter_10/def_10_1.lean,完整复制原字节
D:\Grad_Study\Practimum\Formalization\rr-l2-v1\candidate-dddb2b2aae36\subject\upstream\ProbabilityTheory\chapter_07\def_7_3.lean,verification/supporting_records/candidates/L2-C/subject/upstream/ProbabilityTheory/chapter_07/def_7_3.lean,完整复制原字节
D:\Grad_Study\Practimum\Formalization\rr-l2-v1\candidate-dddb2b2aae36\subject\upstream\ProbabilityTheory\chapter_07\thm_7_13.lean,verification/supporting_records/candidates/L2-C/subject/upstream/ProbabilityTheory/chapter_07/thm_7_13.lean,完整复制原字节
D:\Grad_Study\Practimum\Formalization\rr-l2-v1\candidate-dddb2b2aae36\subject\upstream\ProbabilityTheory\chapter_06\def_6_3.lean,verification/supporting_records/candidates/L2-C/subject/upstream/ProbabilityTheory/chapter_06/def_6_3.lean,完整复制原字节
D:\Grad_Study\Practimum\Formalization\rr-l2-v1\candidate-dddb2b2aae36\subject\upstream\ProbabilityTheory\chapter_05\thm_5_2.lean,verification/supporting_records/candidates/L2-C/subject/upstream/ProbabilityTheory/chapter_05/thm_5_2.lean,完整复制原字节
D:\Grad_Study\Practimum\Formalization\rr-l2-v1\candidate-dddb2b2aae36\subject\upstream\ProbabilityTheory\chapter_05\def_5_2.lean,verification/supporting_records/candidates/L2-C/subject/upstream/ProbabilityTheory/chapter_05/def_5_2.lean,完整复制原字节
D:\Grad_Study\Practimum\Formalization\rr-l2-v1\candidate-dddb2b2aae36\subject\upstream\ProbabilityTheory\chapter_05\def_5_1.lean,verification/supporting_records/candidates/L2-C/subject/upstream/ProbabilityTheory/chapter_05/def_5_1.lean,完整复制原字节
D:\Grad_Study\Practimum\Formalization\review_history_retro_20260901\research_framework\full_workflow_eval_codesign_20260910\evaluation_repair_r3_20260912\normalized\L2-candidate-dddb2b2aae36-1.json,verification/supporting_records/candidates/L2-C/current_evidence/L2-candidate-dddb2b2aae36-1.json,完整复制原字节
D:\Grad_Study\Practimum\Formalization\ep-bc-l3-c\development-ac-r1\cases\5b273faa031edeeab7424ef676fb0bcb9d7040aad2c4887125328b2d5c495b2b\subject\candidate\ProbabilityTheory\chapter_07\prob_7_6.lean,verification/supporting_records/candidates/L3-C/subject/candidate/ProbabilityTheory/chapter_07/prob_7_6.lean,完整复制原字节
D:\Grad_Study\Practimum\Formalization\ep-bc-l3-c\development-ac-r1\cases\5b273faa031edeeab7424ef676fb0bcb9d7040aad2c4887125328b2d5c495b2b\subject\candidate\ProbabilityTheory\chapter_10\ex_10_3_2.lean,verification/supporting_records/candidates/L3-C/subject/candidate/ProbabilityTheory/chapter_10/ex_10_3_2.lean,完整复制原字节
D:\Grad_Study\Practimum\Formalization\ep-bc-l3-c\development-ac-r1\cases\5b273faa031edeeab7424ef676fb0bcb9d7040aad2c4887125328b2d5c495b2b\subject\candidate\ProbabilityTheory\common_support\scheffe.lean,verification/supporting_records/candidates/L3-C/subject/candidate/ProbabilityTheory/common_support/scheffe.lean,完整复制原字节
D:\Grad_Study\Practimum\Formalization\ep-bc-l3-c\development-ac-r1\cases\5b273faa031edeeab7424ef676fb0bcb9d7040aad2c4887125328b2d5c495b2b\subject\source\SOURCE.tex,verification/supporting_records/candidates/L3-C/subject/source/SOURCE.tex,完整复制原字节
D:\Grad_Study\Practimum\Formalization\ep-bc-l3-c\development-ac-r1\cases\5b273faa031edeeab7424ef676fb0bcb9d7040aad2c4887125328b2d5c495b2b\subject\task_contract\COMMON_RULES.zh-CN.md,verification/supporting_records/candidates/L3-C/subject/task_contract/COMMON_RULES.zh-CN.md,完整复制原字节
D:\Grad_Study\Practimum\Formalization\ep-bc-l3-c\development-ac-r1\cases\5b273faa031edeeab7424ef676fb0bcb9d7040aad2c4887125328b2d5c495b2b\subject\task_contract\TASK.zh-CN.md,verification/supporting_records/candidates/L3-C/subject/task_contract/TASK.zh-CN.md,完整复制原字节
D:\Grad_Study\Practimum\Formalization\ep-bc-l3-c\development-ac-r1\cases\5b273faa031edeeab7424ef676fb0bcb9d7040aad2c4887125328b2d5c495b2b\subject\tool_fact\technical-validation.json,verification/supporting_records/candidates/L3-C/subject/tool_fact/technical-validation.json,完整复制原字节
D:\Grad_Study\Practimum\Formalization\ep-bc-l3-c\development-ac-r1\cases\5b273faa031edeeab7424ef676fb0bcb9d7040aad2c4887125328b2d5c495b2b\subject\upstream\ProbabilityTheory\chapter_14\thm_14_4.lean,verification/supporting_records/candidates/L3-C/subject/upstream/ProbabilityTheory/chapter_14/thm_14_4.lean,完整复制原字节
D:\Grad_Study\Practimum\Formalization\ep-bc-l3-c\development-ac-r1\cases\5b273faa031edeeab7424ef676fb0bcb9d7040aad2c4887125328b2d5c495b2b\subject\upstream\ProbabilityTheory\chapter_14\def_14_1.lean,verification/supporting_records/candidates/L3-C/subject/upstream/ProbabilityTheory/chapter_14/def_14_1.lean,完整复制原字节
D:\Grad_Study\Practimum\Formalization\ep-bc-l3-c\development-ac-r1\cases\5b273faa031edeeab7424ef676fb0bcb9d7040aad2c4887125328b2d5c495b2b\subject\upstream\ProbabilityTheory\chapter_10\ex_10_3_1.lean,verification/supporting_records/candidates/L3-C/subject/upstream/ProbabilityTheory/chapter_10/ex_10_3_1.lean,完整复制原字节
D:\Grad_Study\Practimum\Formalization\ep-bc-l3-c\development-ac-r1\cases\5b273faa031edeeab7424ef676fb0bcb9d7040aad2c4887125328b2d5c495b2b\subject\upstream\ProbabilityTheory\chapter_14\thm_14_4_density_support.lean,verification/supporting_records/candidates/L3-C/subject/upstream/ProbabilityTheory/chapter_14/thm_14_4_density_support.lean,完整复制原字节
D:\Grad_Study\Practimum\Formalization\ep-bc-l3-c\development-ac-r1\cases\5b273faa031edeeab7424ef676fb0bcb9d7040aad2c4887125328b2d5c495b2b\subject\upstream\ProbabilityTheory\chapter_08\def_8_5.lean,verification/supporting_records/candidates/L3-C/subject/upstream/ProbabilityTheory/chapter_08/def_8_5.lean,完整复制原字节
D:\Grad_Study\Practimum\Formalization\ep-bc-l3-c\development-ac-r1\cases\5b273faa031edeeab7424ef676fb0bcb9d7040aad2c4887125328b2d5c495b2b\subject\upstream\ProbabilityTheory\chapter_14\thm_14_4_dominating_measure.lean,verification/supporting_records/candidates/L3-C/subject/upstream/ProbabilityTheory/chapter_14/thm_14_4_dominating_measure.lean,完整复制原字节
D:\Grad_Study\Practimum\Formalization\ep-bc-l3-c\development-ac-r1\cases\5b273faa031edeeab7424ef676fb0bcb9d7040aad2c4887125328b2d5c495b2b\subject\upstream\ProbabilityTheory\chapter_13\thm_13_5.lean,verification/supporting_records/candidates/L3-C/subject/upstream/ProbabilityTheory/chapter_13/thm_13_5.lean,完整复制原字节
D:\Grad_Study\Practimum\Formalization\ep-bc-l3-c\development-ac-r1\cases\5b273faa031edeeab7424ef676fb0bcb9d7040aad2c4887125328b2d5c495b2b\subject\upstream\ProbabilityTheory\chapter_10\def_10_4.lean,verification/supporting_records/candidates/L3-C/subject/upstream/ProbabilityTheory/chapter_10/def_10_4.lean,完整复制原字节
D:\Grad_Study\Practimum\Formalization\ep-bc-l3-c\development-ac-r1\cases\5b273faa031edeeab7424ef676fb0bcb9d7040aad2c4887125328b2d5c495b2b\subject\upstream\ProbabilityTheory\chapter_10\def_10_5.lean,verification/supporting_records/candidates/L3-C/subject/upstream/ProbabilityTheory/chapter_10/def_10_5.lean,完整复制原字节
D:\Grad_Study\Practimum\Formalization\ep-bc-l3-c\development-ac-r1\cases\5b273faa031edeeab7424ef676fb0bcb9d7040aad2c4887125328b2d5c495b2b\subject\upstream\ProbabilityTheory\chapter_07\thm_7_11.lean,verification/supporting_records/candidates/L3-C/subject/upstream/ProbabilityTheory/chapter_07/thm_7_11.lean,完整复制原字节
D:\Grad_Study\Practimum\Formalization\ep-bc-l3-c\development-ac-r1\cases\5b273faa031edeeab7424ef676fb0bcb9d7040aad2c4887125328b2d5c495b2b\input-binding.json,verification/supporting_records/candidates/L3-C/input-binding.json,完整复制原字节
D:\Grad_Study\Practimum\Formalization\ep-bc-l3-c\development-ac-r1\cases\5b273faa031edeeab7424ef676fb0bcb9d7040aad2c4887125328b2d5c495b2b\final\decision.json,verification/supporting_records/candidates/L3-C/final/decision.json,完整复制原字节
D:\Grad_Study\Practimum\Formalization\ep-bc-l3-c\development-ac-r1\cases\5b273faa031edeeab7424ef676fb0bcb9d7040aad2c4887125328b2d5c495b2b\results\reviewer-1.json,verification/supporting_records/candidates/L3-C/results/reviewer-1.json,完整复制原字节
D:\Grad_Study\Practimum\Formalization\ep-bc-l3-c\development-ac-r1\cases\5b273faa031edeeab7424ef676fb0bcb9d7040aad2c4887125328b2d5c495b2b\results\reviewer-2.json,verification/supporting_records/candidates/L3-C/results/reviewer-2.json,完整复制原字节
D:\Grad_Study\Practimum\Formalization\review_history_retro_20260901\research_framework\full_workflow_eval_codesign_20260910\evaluation_repair_r3_20260912\normalized\L3-candidate-6d87e44415de-1.json,verification/supporting_records/candidates/L3-C/current_evidence/L3-candidate-6d87e44415de-1.json,完整复制原字节
D:\Grad_Study\Practimum\Formalization\ep-bc-l7-c\development-ac-r1\cases\c2fb5f540fc9fa12c894317b9f8877dda7181210d43384d4a81b417eb07ea39d\subject\candidate\ProbabilityTheory\chapter_10\thm_10_10.lean,verification/supporting_records/candidates/L7-C/subject/candidate/ProbabilityTheory/chapter_10/thm_10_10.lean,完整复制原字节
D:\Grad_Study\Practimum\Formalization\ep-bc-l7-c\development-ac-r1\cases\c2fb5f540fc9fa12c894317b9f8877dda7181210d43384d4a81b417eb07ea39d\subject\candidate\ProbabilityTheory\chapter_10\thm_10_11.lean,verification/supporting_records/candidates/L7-C/subject/candidate/ProbabilityTheory/chapter_10/thm_10_11.lean,完整复制原字节
D:\Grad_Study\Practimum\Formalization\ep-bc-l7-c\development-ac-r1\cases\c2fb5f540fc9fa12c894317b9f8877dda7181210d43384d4a81b417eb07ea39d\subject\source\SOURCE.tex,verification/supporting_records/candidates/L7-C/subject/source/SOURCE.tex,完整复制原字节
D:\Grad_Study\Practimum\Formalization\ep-bc-l7-c\development-ac-r1\cases\c2fb5f540fc9fa12c894317b9f8877dda7181210d43384d4a81b417eb07ea39d\subject\task_contract\COMMON_RULES.zh-CN.md,verification/supporting_records/candidates/L7-C/subject/task_contract/COMMON_RULES.zh-CN.md,完整复制原字节
D:\Grad_Study\Practimum\Formalization\ep-bc-l7-c\development-ac-r1\cases\c2fb5f540fc9fa12c894317b9f8877dda7181210d43384d4a81b417eb07ea39d\subject\task_contract\TASK.zh-CN.md,verification/supporting_records/candidates/L7-C/subject/task_contract/TASK.zh-CN.md,完整复制原字节
D:\Grad_Study\Practimum\Formalization\ep-bc-l7-c\development-ac-r1\cases\c2fb5f540fc9fa12c894317b9f8877dda7181210d43384d4a81b417eb07ea39d\subject\tool_fact\technical-validation.json,verification/supporting_records/candidates/L7-C/subject/tool_fact/technical-validation.json,完整复制原字节
D:\Grad_Study\Practimum\Formalization\ep-bc-l7-c\development-ac-r1\cases\c2fb5f540fc9fa12c894317b9f8877dda7181210d43384d4a81b417eb07ea39d\subject\upstream\ProbabilityTheory\chapter_02\prob_2_4.lean,verification/supporting_records/candidates/L7-C/subject/upstream/ProbabilityTheory/chapter_02/prob_2_4.lean,完整复制原字节
D:\Grad_Study\Practimum\Formalization\ep-bc-l7-c\development-ac-r1\cases\c2fb5f540fc9fa12c894317b9f8877dda7181210d43384d4a81b417eb07ea39d\subject\upstream\ProbabilityTheory\chapter_10\def_10_6.lean,verification/supporting_records/candidates/L7-C/subject/upstream/ProbabilityTheory/chapter_10/def_10_6.lean,完整复制原字节
D:\Grad_Study\Practimum\Formalization\ep-bc-l7-c\development-ac-r1\cases\c2fb5f540fc9fa12c894317b9f8877dda7181210d43384d4a81b417eb07ea39d\subject\upstream\ProbabilityTheory\chapter_10\thm_10_9.lean,verification/supporting_records/candidates/L7-C/subject/upstream/ProbabilityTheory/chapter_10/thm_10_9.lean,完整复制原字节
D:\Grad_Study\Practimum\Formalization\ep-bc-l7-c\development-ac-r1\cases\c2fb5f540fc9fa12c894317b9f8877dda7181210d43384d4a81b417eb07ea39d\subject\upstream\ProbabilityTheory\chapter_02\thm_2_8.lean,verification/supporting_records/candidates/L7-C/subject/upstream/ProbabilityTheory/chapter_02/thm_2_8.lean,完整复制原字节
D:\Grad_Study\Practimum\Formalization\ep-bc-l7-c\development-ac-r1\cases\c2fb5f540fc9fa12c894317b9f8877dda7181210d43384d4a81b417eb07ea39d\subject\upstream\ProbabilityTheory\chapter_02\def_2_8.lean,verification/supporting_records/candidates/L7-C/subject/upstream/ProbabilityTheory/chapter_02/def_2_8.lean,完整复制原字节
D:\Grad_Study\Practimum\Formalization\ep-bc-l7-c\development-ac-r1\cases\c2fb5f540fc9fa12c894317b9f8877dda7181210d43384d4a81b417eb07ea39d\subject\upstream\ProbabilityTheory\chapter_02\def_2_7.lean,verification/supporting_records/candidates/L7-C/subject/upstream/ProbabilityTheory/chapter_02/def_2_7.lean,完整复制原字节
D:\Grad_Study\Practimum\Formalization\ep-bc-l7-c\development-ac-r1\cases\c2fb5f540fc9fa12c894317b9f8877dda7181210d43384d4a81b417eb07ea39d\subject\upstream\ProbabilityTheory\chapter_02\thm_2_6.lean,verification/supporting_records/candidates/L7-C/subject/upstream/ProbabilityTheory/chapter_02/thm_2_6.lean,完整复制原字节
D:\Grad_Study\Practimum\Formalization\ep-bc-l7-c\development-ac-r1\cases\c2fb5f540fc9fa12c894317b9f8877dda7181210d43384d4a81b417eb07ea39d\subject\upstream\ProbabilityTheory\chapter_10\def_10_1.lean,verification/supporting_records/candidates/L7-C/subject/upstream/ProbabilityTheory/chapter_10/def_10_1.lean,完整复制原字节
D:\Grad_Study\Practimum\Formalization\ep-bc-l7-c\development-ac-r1\cases\c2fb5f540fc9fa12c894317b9f8877dda7181210d43384d4a81b417eb07ea39d\subject\upstream\ProbabilityTheory\chapter_10\def_10_2.lean,verification/supporting_records/candidates/L7-C/subject/upstream/ProbabilityTheory/chapter_10/def_10_2.lean,完整复制原字节
D:\Grad_Study\Practimum\Formalization\ep-bc-l7-c\development-ac-r1\cases\c2fb5f540fc9fa12c894317b9f8877dda7181210d43384d4a81b417eb07ea39d\subject\upstream\ProbabilityTheory\chapter_02\def_2_5.lean,verification/supporting_records/candidates/L7-C/subject/upstream/ProbabilityTheory/chapter_02/def_2_5.lean,完整复制原字节
D:\Grad_Study\Practimum\Formalization\ep-bc-l7-c\development-ac-r1\cases\c2fb5f540fc9fa12c894317b9f8877dda7181210d43384d4a81b417eb07ea39d\subject\upstream\ProbabilityTheory\chapter_02\thm_2_3.lean,verification/supporting_records/candidates/L7-C/subject/upstream/ProbabilityTheory/chapter_02/thm_2_3.lean,完整复制原字节
D:\Grad_Study\Practimum\Formalization\ep-bc-l7-c\development-ac-r1\cases\c2fb5f540fc9fa12c894317b9f8877dda7181210d43384d4a81b417eb07ea39d\subject\upstream\ProbabilityTheory\chapter_02\thm_2_4.lean,verification/supporting_records/candidates/L7-C/subject/upstream/ProbabilityTheory/chapter_02/thm_2_4.lean,完整复制原字节
D:\Grad_Study\Practimum\Formalization\ep-bc-l7-c\development-ac-r1\cases\c2fb5f540fc9fa12c894317b9f8877dda7181210d43384d4a81b417eb07ea39d\subject\upstream\ProbabilityTheory\chapter_02\def_2_6.lean,verification/supporting_records/candidates/L7-C/subject/upstream/ProbabilityTheory/chapter_02/def_2_6.lean,完整复制原字节
D:\Grad_Study\Practimum\Formalization\ep-bc-l7-c\development-ac-r1\cases\c2fb5f540fc9fa12c894317b9f8877dda7181210d43384d4a81b417eb07ea39d\subject\upstream\ProbabilityTheory\chapter_02\thm_2_2.lean,verification/supporting_records/candidates/L7-C/subject/upstream/ProbabilityTheory/chapter_02/thm_2_2.lean,完整复制原字节
D:\Grad_Study\Practimum\Formalization\ep-bc-l7-c\development-ac-r1\cases\c2fb5f540fc9fa12c894317b9f8877dda7181210d43384d4a81b417eb07ea39d\input-binding.json,verification/supporting_records/candidates/L7-C/input-binding.json,完整复制原字节
D:\Grad_Study\Practimum\Formalization\ep-bc-l7-c\development-ac-r1\cases\c2fb5f540fc9fa12c894317b9f8877dda7181210d43384d4a81b417eb07ea39d\final\decision.json,verification/supporting_records/candidates/L7-C/final/decision.json,完整复制原字节
D:\Grad_Study\Practimum\Formalization\ep-bc-l7-c\development-ac-r1\cases\c2fb5f540fc9fa12c894317b9f8877dda7181210d43384d4a81b417eb07ea39d\results\reviewer-1.json,verification/supporting_records/candidates/L7-C/results/reviewer-1.json,完整复制原字节
D:\Grad_Study\Practimum\Formalization\ep-bc-l7-c\development-ac-r1\cases\c2fb5f540fc9fa12c894317b9f8877dda7181210d43384d4a81b417eb07ea39d\results\reviewer-2.json,verification/supporting_records/candidates/L7-C/results/reviewer-2.json,完整复制原字节
D:\Grad_Study\Practimum\Formalization\rr-l7-r2\candidate-3e81b8500999\executions\reviewer-2\attempt-01\REVIEW_RESULT.json,verification/supporting_records/candidates/L7-C/current_evidence/REVIEW_RESULT.json,完整复制原字节
D:\Grad_Study\Practimum\Formalization\ep-a-l7-repair-r1\development-ac-r1\cases\1726295c45eec3a9196cdc2f86afa5fbd8df79ff79284727b88e767642a6ac0f\subject\candidate\ProbabilityTheory\chapter_10\thm_10_10.lean,verification/supporting_records/candidates/L7-A-repair/subject/candidate/ProbabilityTheory/chapter_10/thm_10_10.lean,完整复制原字节
D:\Grad_Study\Practimum\Formalization\ep-a-l7-repair-r1\development-ac-r1\cases\1726295c45eec3a9196cdc2f86afa5fbd8df79ff79284727b88e767642a6ac0f\subject\candidate\ProbabilityTheory\chapter_10\thm_10_11.lean,verification/supporting_records/candidates/L7-A-repair/subject/candidate/ProbabilityTheory/chapter_10/thm_10_11.lean,完整复制原字节
D:\Grad_Study\Practimum\Formalization\ep-a-l7-repair-r1\development-ac-r1\cases\1726295c45eec3a9196cdc2f86afa5fbd8df79ff79284727b88e767642a6ac0f\subject\source\SOURCE.tex,verification/supporting_records/candidates/L7-A-repair/subject/source/SOURCE.tex,完整复制原字节
D:\Grad_Study\Practimum\Formalization\ep-a-l7-repair-r1\development-ac-r1\cases\1726295c45eec3a9196cdc2f86afa5fbd8df79ff79284727b88e767642a6ac0f\subject\task_contract\COMMON_RULES.zh-CN.md,verification/supporting_records/candidates/L7-A-repair/subject/task_contract/COMMON_RULES.zh-CN.md,完整复制原字节
D:\Grad_Study\Practimum\Formalization\ep-a-l7-repair-r1\development-ac-r1\cases\1726295c45eec3a9196cdc2f86afa5fbd8df79ff79284727b88e767642a6ac0f\subject\task_contract\TASK.zh-CN.md,verification/supporting_records/candidates/L7-A-repair/subject/task_contract/TASK.zh-CN.md,完整复制原字节
D:\Grad_Study\Practimum\Formalization\ep-a-l7-repair-r1\development-ac-r1\cases\1726295c45eec3a9196cdc2f86afa5fbd8df79ff79284727b88e767642a6ac0f\subject\tool_fact\technical-validation.json,verification/supporting_records/candidates/L7-A-repair/subject/tool_fact/technical-validation.json,完整复制原字节
D:\Grad_Study\Practimum\Formalization\ep-a-l7-repair-r1\development-ac-r1\cases\1726295c45eec3a9196cdc2f86afa5fbd8df79ff79284727b88e767642a6ac0f\subject\upstream\ProbabilityTheory\chapter_10\def_10_1.lean,verification/supporting_records/candidates/L7-A-repair/subject/upstream/ProbabilityTheory/chapter_10/def_10_1.lean,完整复制原字节
D:\Grad_Study\Practimum\Formalization\ep-a-l7-repair-r1\development-ac-r1\cases\1726295c45eec3a9196cdc2f86afa5fbd8df79ff79284727b88e767642a6ac0f\subject\upstream\ProbabilityTheory\chapter_10\def_10_2.lean,verification/supporting_records/candidates/L7-A-repair/subject/upstream/ProbabilityTheory/chapter_10/def_10_2.lean,完整复制原字节
D:\Grad_Study\Practimum\Formalization\ep-a-l7-repair-r1\development-ac-r1\cases\1726295c45eec3a9196cdc2f86afa5fbd8df79ff79284727b88e767642a6ac0f\subject\upstream\ProbabilityTheory\chapter_10\def_10_6.lean,verification/supporting_records/candidates/L7-A-repair/subject/upstream/ProbabilityTheory/chapter_10/def_10_6.lean,完整复制原字节
D:\Grad_Study\Practimum\Formalization\ep-a-l7-repair-r1\development-ac-r1\cases\1726295c45eec3a9196cdc2f86afa5fbd8df79ff79284727b88e767642a6ac0f\subject\upstream\ProbabilityTheory\chapter_10\thm_10_9.lean,verification/supporting_records/candidates/L7-A-repair/subject/upstream/ProbabilityTheory/chapter_10/thm_10_9.lean,完整复制原字节
D:\Grad_Study\Practimum\Formalization\ep-a-l7-repair-r1\development-ac-r1\cases\1726295c45eec3a9196cdc2f86afa5fbd8df79ff79284727b88e767642a6ac0f\subject\upstream\ProbabilityTheory\chapter_02\thm_2_8.lean,verification/supporting_records/candidates/L7-A-repair/subject/upstream/ProbabilityTheory/chapter_02/thm_2_8.lean,完整复制原字节
D:\Grad_Study\Practimum\Formalization\ep-a-l7-repair-r1\development-ac-r1\cases\1726295c45eec3a9196cdc2f86afa5fbd8df79ff79284727b88e767642a6ac0f\subject\upstream\ProbabilityTheory\chapter_02\def_2_8.lean,verification/supporting_records/candidates/L7-A-repair/subject/upstream/ProbabilityTheory/chapter_02/def_2_8.lean,完整复制原字节
D:\Grad_Study\Practimum\Formalization\ep-a-l7-repair-r1\development-ac-r1\cases\1726295c45eec3a9196cdc2f86afa5fbd8df79ff79284727b88e767642a6ac0f\subject\upstream\ProbabilityTheory\chapter_02\def_2_7.lean,verification/supporting_records/candidates/L7-A-repair/subject/upstream/ProbabilityTheory/chapter_02/def_2_7.lean,完整复制原字节
D:\Grad_Study\Practimum\Formalization\ep-a-l7-repair-r1\development-ac-r1\cases\1726295c45eec3a9196cdc2f86afa5fbd8df79ff79284727b88e767642a6ac0f\subject\upstream\ProbabilityTheory\chapter_02\thm_2_6.lean,verification/supporting_records/candidates/L7-A-repair/subject/upstream/ProbabilityTheory/chapter_02/thm_2_6.lean,完整复制原字节
D:\Grad_Study\Practimum\Formalization\ep-a-l7-repair-r1\development-ac-r1\cases\1726295c45eec3a9196cdc2f86afa5fbd8df79ff79284727b88e767642a6ac0f\subject\upstream\ProbabilityTheory\chapter_02\prob_2_4.lean,verification/supporting_records/candidates/L7-A-repair/subject/upstream/ProbabilityTheory/chapter_02/prob_2_4.lean,完整复制原字节
D:\Grad_Study\Practimum\Formalization\ep-a-l7-repair-r1\development-ac-r1\cases\1726295c45eec3a9196cdc2f86afa5fbd8df79ff79284727b88e767642a6ac0f\subject\upstream\ProbabilityTheory\chapter_02\def_2_5.lean,verification/supporting_records/candidates/L7-A-repair/subject/upstream/ProbabilityTheory/chapter_02/def_2_5.lean,完整复制原字节
D:\Grad_Study\Practimum\Formalization\ep-a-l7-repair-r1\development-ac-r1\cases\1726295c45eec3a9196cdc2f86afa5fbd8df79ff79284727b88e767642a6ac0f\subject\upstream\ProbabilityTheory\chapter_02\thm_2_3.lean,verification/supporting_records/candidates/L7-A-repair/subject/upstream/ProbabilityTheory/chapter_02/thm_2_3.lean,完整复制原字节
D:\Grad_Study\Practimum\Formalization\ep-a-l7-repair-r1\development-ac-r1\cases\1726295c45eec3a9196cdc2f86afa5fbd8df79ff79284727b88e767642a6ac0f\subject\upstream\ProbabilityTheory\chapter_02\thm_2_4.lean,verification/supporting_records/candidates/L7-A-repair/subject/upstream/ProbabilityTheory/chapter_02/thm_2_4.lean,完整复制原字节
D:\Grad_Study\Practimum\Formalization\ep-a-l7-repair-r1\development-ac-r1\cases\1726295c45eec3a9196cdc2f86afa5fbd8df79ff79284727b88e767642a6ac0f\subject\upstream\ProbabilityTheory\chapter_02\def_2_6.lean,verification/supporting_records/candidates/L7-A-repair/subject/upstream/ProbabilityTheory/chapter_02/def_2_6.lean,完整复制原字节
D:\Grad_Study\Practimum\Formalization\ep-a-l7-repair-r1\development-ac-r1\cases\1726295c45eec3a9196cdc2f86afa5fbd8df79ff79284727b88e767642a6ac0f\subject\upstream\ProbabilityTheory\chapter_02\thm_2_2.lean,verification/supporting_records/candidates/L7-A-repair/subject/upstream/ProbabilityTheory/chapter_02/thm_2_2.lean,完整复制原字节
D:\Grad_Study\Practimum\Formalization\ep-a-l7-repair-r1\development-ac-r1\cases\1726295c45eec3a9196cdc2f86afa5fbd8df79ff79284727b88e767642a6ac0f\input-binding.json,verification/supporting_records/candidates/L7-A-repair/input-binding.json,完整复制原字节
D:\Grad_Study\Practimum\Formalization\ep-a-l7-repair-r1\development-ac-r1\cases\1726295c45eec3a9196cdc2f86afa5fbd8df79ff79284727b88e767642a6ac0f\final\decision.json,verification/supporting_records/candidates/L7-A-repair/final/decision.json,完整复制原字节
D:\Grad_Study\Practimum\Formalization\ep-a-l7-repair-r1\development-ac-r1\cases\1726295c45eec3a9196cdc2f86afa5fbd8df79ff79284727b88e767642a6ac0f\results\reviewer-1.json,verification/supporting_records/candidates/L7-A-repair/results/reviewer-1.json,完整复制原字节
D:\Grad_Study\Practimum\Formalization\ep-a-l7-repair-r1\development-ac-r1\cases\1726295c45eec3a9196cdc2f86afa5fbd8df79ff79284727b88e767642a6ac0f\results\reviewer-2.json,verification/supporting_records/candidates/L7-A-repair/results/reviewer-2.json,完整复制原字节
D:\Grad_Study\Practimum\Formalization\ep-a-l7-repair-r1\development-ac-r1\cases\1726295c45eec3a9196cdc2f86afa5fbd8df79ff79284727b88e767642a6ac0f\results\reviewer-1.json,verification/supporting_records/candidates/L7-A-repair/current_evidence/reviewer-1.json,完整复制原字节
D:\Grad_Study\Practimum\Formalization\ep-a-l7-repair-r1\development-ac-r1\cases\1726295c45eec3a9196cdc2f86afa5fbd8df79ff79284727b88e767642a6ac0f\results\reviewer-2.json,verification/supporting_records/candidates/L7-A-repair/current_evidence/reviewer-2.json,完整复制原字节
D:\Grad_Study\Practimum\Formalization\ep-a-l7-repair-r1\development-ac-r1\cases\1726295c45eec3a9196cdc2f86afa5fbd8df79ff79284727b88e767642a6ac0f\subject\candidate\ProbabilityTheory\chapter_10\thm_10_11.lean,verification/supporting_records/candidates/L7-A-repair/current_evidence/thm_10_11.lean,完整复制原字节
本轮从已保存记录机械整理；非新增实验,verification/CANDIDATE_DELIVERY_INDEX.json,新整理结果；非历史原件
D:\Grad_Study\Practimum\Formalization\reports\trajectory_analysis\team_review_v031_trajectory_v3_20260911\combined_revision_v4_20260912\ev\Z013,verification/supporting_records/L2/INDEXED_SIX_SERVICES.jsonl,按所列原始行号摘录；各行原字节未改；不是完整日志
D:\Grad_Study\Practimum\Formalization\fw_pilot_20260910_staging\coverage-runs-r1\L2_thm_11_4_to_11_5\A\help\321a4d18-232b-48b5-9dbf-effb9e64c988\actor\raw-public-events.bin,verification/supporting_records/L2/50194432/feedback-context.jsonl,按所列原始行号摘录；各行原字节未改；不是完整日志
D:\Grad_Study\Practimum\Formalization\fw_pilot_20260910_staging\coverage-runs-r1\L2_thm_11_4_to_11_5\A\help\321a4d18-232b-48b5-9dbf-effb9e64c988\actor\raw-public-events.bin,verification/supporting_records/L2/50194432/feedback.txt,完整提取原 item.text；JSON 解码后以 UTF-8 保存
D:\Grad_Study\Practimum\Formalization\fw_pilot_20260910_staging\coverage-runs-r1\L2_thm_11_4_to_11_5\A\help\321a4d18-232b-48b5-9dbf-effb9e64c988\actor\actor-receipt.json,verification/supporting_records/L2/50194432/actor-receipt.json,完整复制原字节
D:\Grad_Study\Practimum\Formalization\fw_pilot_20260910_staging\coverage-runs-r1\L2_thm_11_4_to_11_5\A\help\321a4d18-232b-48b5-9dbf-effb9e64c988\role-request.json,verification/supporting_records/L2/50194432/role-request.json,完整复制原字节
D:\Grad_Study\Practimum\Formalization\fw_pilot_20260910_staging\coverage-runs-r1\L2_thm_11_4_to_11_5\A\help\964597f2-a1a3-45ad-a80d-4ca8a8335358\actor\raw-public-events.bin,verification/supporting_records/L2/bb680eb5/feedback-context.jsonl,按所列原始行号摘录；各行原字节未改；不是完整日志
D:\Grad_Study\Practimum\Formalization\fw_pilot_20260910_staging\coverage-runs-r1\L2_thm_11_4_to_11_5\A\help\964597f2-a1a3-45ad-a80d-4ca8a8335358\actor\raw-public-events.bin,verification/supporting_records/L2/bb680eb5/feedback.txt,完整提取原 item.text；JSON 解码后以 UTF-8 保存
D:\Grad_Study\Practimum\Formalization\fw_pilot_20260910_staging\coverage-runs-r1\L2_thm_11_4_to_11_5\A\help\964597f2-a1a3-45ad-a80d-4ca8a8335358\actor\actor-receipt.json,verification/supporting_records/L2/bb680eb5/actor-receipt.json,完整复制原字节
D:\Grad_Study\Practimum\Formalization\fw_pilot_20260910_staging\coverage-runs-r1\L2_thm_11_4_to_11_5\A\help\964597f2-a1a3-45ad-a80d-4ca8a8335358\role-request.json,verification/supporting_records/L2/bb680eb5/role-request.json,完整复制原字节
D:\Grad_Study\Practimum\Formalization\bcap-r4-runs\coverage-L2-B-r4-001\help\eb7cde99-6891-47c5-9dcf-df3826693de2\actor\raw-public-events.bin,verification/supporting_records/L2/6361bff3/feedback-context.jsonl,按所列原始行号摘录；各行原字节未改；不是完整日志
D:\Grad_Study\Practimum\Formalization\bcap-r4-runs\coverage-L2-B-r4-001\help\eb7cde99-6891-47c5-9dcf-df3826693de2\actor\raw-public-events.bin,verification/supporting_records/L2/6361bff3/feedback.txt,完整提取原 item.text；JSON 解码后以 UTF-8 保存
D:\Grad_Study\Practimum\Formalization\bcap-r4-runs\coverage-L2-B-r4-001\help\eb7cde99-6891-47c5-9dcf-df3826693de2\actor\actor-receipt.json,verification/supporting_records/L2/6361bff3/actor-receipt.json,完整复制原字节
D:\Grad_Study\Practimum\Formalization\bcap-r4-runs\coverage-L2-B-r4-001\help\eb7cde99-6891-47c5-9dcf-df3826693de2\role-request.json,verification/supporting_records/L2/6361bff3/role-request.json,完整复制原字节
D:\Grad_Study\Practimum\Formalization\bcap-r4-runs\coverage-L2-B-r4-001\support-export-recovery-r1\caller-feedback-copy.json,verification/supporting_records/L2/6361bff3/delivery_receipt.json,完整复制原字节
D:\Grad_Study\Practimum\Formalization\bcap-r4-runs\coverage-L2-B-r4-001\support-export-recovery-r1\RECOVERY_RECEIPT.json,verification/supporting_records/L2/6361bff3/delivery_recovery.json,完整复制原字节
D:\Grad_Study\Practimum\Formalization\bcap-r4-runs\coverage-L2-B-r4-001\support-export-recovery-r1\patch.diff,verification/supporting_records/L2/6361bff3/recovered/patch.diff,完整复制原字节
D:\Grad_Study\Practimum\Formalization\bcap-r4-runs\coverage-L2-B-r4-001\support-export-recovery-r1\response.md,verification/supporting_records/L2/6361bff3/recovered/response.md,完整复制原字节
D:\Grad_Study\Practimum\Formalization\bcap-r4-runs\coverage-L2-B-r4-001\support-export-recovery-r1\after-manifest.json,verification/supporting_records/L2/6361bff3/recovered/after-manifest.json,完整复制原字节
D:\Grad_Study\Practimum\Formalization\bcap-r4-runs\coverage-L2-B-r4-001\support-export-recovery-r1\role-artifacts\1-patch.diff,verification/supporting_records/L2/6361bff3/recovered/role-artifacts/1-patch.diff,完整复制原字节
D:\Grad_Study\Practimum\Formalization\bcap-r4-runs\coverage-L2-B-r4-001\support-export-recovery-r1\role-artifacts\2-response.md,verification/supporting_records/L2/6361bff3/recovered/role-artifacts/2-response.md,完整复制原字节
D:\Grad_Study\Practimum\Formalization\bcap-r4-runs\coverage-L2-B-r4-001\author-call-01\raw-public-events.bin,verification/supporting_records/L2/6361bff3/parent-context-1.jsonl,按所列原始行号摘录；各行原字节未改；不是完整日志
D:\Grad_Study\Practimum\Formalization\bcap-r4-runs\coverage-L2-B-r4-001\help\2b4b2961-5e81-4333-b8f8-dd3aa3dd11b7\actor\raw-public-events.bin,verification/supporting_records/L2/f5e4ae15/feedback-context.jsonl,按所列原始行号摘录；各行原字节未改；不是完整日志
D:\Grad_Study\Practimum\Formalization\bcap-r4-runs\coverage-L2-B-r4-001\help\2b4b2961-5e81-4333-b8f8-dd3aa3dd11b7\actor\raw-public-events.bin,verification/supporting_records/L2/f5e4ae15/feedback.txt,完整提取原 item.text；JSON 解码后以 UTF-8 保存
D:\Grad_Study\Practimum\Formalization\bcap-r4-runs\coverage-L2-B-r4-001\help\2b4b2961-5e81-4333-b8f8-dd3aa3dd11b7\actor\actor-receipt.json,verification/supporting_records/L2/f5e4ae15/actor-receipt.json,完整复制原字节
D:\Grad_Study\Practimum\Formalization\bcap-r4-runs\coverage-L2-B-r4-001\help\2b4b2961-5e81-4333-b8f8-dd3aa3dd11b7\role-request.json,verification/supporting_records/L2/f5e4ae15/role-request.json,完整复制原字节
D:\Grad_Study\Practimum\Formalization\bcap-r4-runs\coverage-L2-B-r4-001\help\2b4b2961-5e81-4333-b8f8-dd3aa3dd11b7\before-manifest.json,verification/supporting_records/L2/f5e4ae15/before_manifest/thm_11_4.json,完整复制原字节
D:\Grad_Study\Practimum\Formalization\bcap-r4-runs\coverage-L2-B-r4-001\help\2b4b2961-5e81-4333-b8f8-dd3aa3dd11b7\caller-feedback-copy.json,verification/supporting_records/L2/f5e4ae15/delivery_receipt.json,完整复制原字节
D:\Grad_Study\Practimum\Formalization\bcap-r4-runs\coverage-L2-B-r4-001\author-call-01\raw-public-events.bin,verification/supporting_records/L2/f5e4ae15/parent-context-1.jsonl,按所列原始行号摘录；各行原字节未改；不是完整日志
D:\Grad_Study\Practimum\Formalization\c-r3-runs\c-r3-l2-001\run\actors\reviewer-002\raw-public-events.bin,verification/supporting_records/L2/8ce74337/feedback-context.jsonl,按所列原始行号摘录；各行原字节未改；不是完整日志
D:\Grad_Study\Practimum\Formalization\c-r3-runs\c-r3-l2-001\run\actors\reviewer-002\raw-public-events.bin,verification/supporting_records/L2/8ce74337/feedback.txt,完整提取原 item.text；JSON 解码后以 UTF-8 保存
D:\Grad_Study\Practimum\Formalization\c-r3-runs\c-r3-l2-001\run\actors\reviewer-002\actor-receipt.json,verification/supporting_records/L2/8ce74337/actor-receipt.json,完整复制原字节
D:\Grad_Study\Practimum\Formalization\c-r3-runs\c-r3-l2-001\run\candidates\c1\visible-files\ProbabilityTheory\chapter_11\thm_11_4.lean,verification/supporting_records/L2/8ce74337/reviewed_c1_code/thm_11_4.lean,完整复制原字节
D:\Grad_Study\Practimum\Formalization\c-r3-runs\c-r3-l2-001\run\actors\coordinator-001\raw-public-events.bin,verification/supporting_records/L2/8ce74337/parent-context-1.jsonl,按所列原始行号摘录；各行原字节未改；不是完整日志
D:\Grad_Study\Practimum\Formalization\c-r3-runs\c-r3-l2-001\run\actors\reviewer-003\raw-public-events.bin,verification/supporting_records/L2/abbc1cbd/feedback-context.jsonl,按所列原始行号摘录；各行原字节未改；不是完整日志
D:\Grad_Study\Practimum\Formalization\c-r3-runs\c-r3-l2-001\run\actors\reviewer-003\raw-public-events.bin,verification/supporting_records/L2/abbc1cbd/feedback.txt,完整提取原 item.text；JSON 解码后以 UTF-8 保存
D:\Grad_Study\Practimum\Formalization\c-r3-runs\c-r3-l2-001\run\actors\reviewer-003\actor-receipt.json,verification/supporting_records/L2/abbc1cbd/actor-receipt.json,完整复制原字节
D:\Grad_Study\Practimum\Formalization\c-r3-runs\c-r3-l2-001\run\candidates\c1\visible-files\ProbabilityTheory\chapter_11\thm_11_5.lean,verification/supporting_records/L2/abbc1cbd/reviewed_c1_code/thm_11_5.lean,完整复制原字节
D:\Grad_Study\Practimum\Formalization\c-r3-runs\c-r3-l2-001\run\actors\coordinator-001\raw-public-events.bin,verification/supporting_records/L2/abbc1cbd/parent-context-1.jsonl,按所列原始行号摘录；各行原字节未改；不是完整日志
本轮从已保存记录机械整理；非新增实验,verification/L2_SERVICE_AUDIT.csv,新整理结果；非历史原件
本轮从已保存记录机械整理；非新增实验,verification/L2_MECHANICAL_CHECK.json,新整理结果；非历史原件
D:\Grad_Study\Practimum\Formalization\reports\trajectory_analysis\increment_v2_20260911\source_blobs\bd53354cceffa623c33ea8e910e10e1bf5df24156b3b23fd40e273379c8a9a31,verification/supporting_records/L1/N02/V2F00160-controller-events.jsonl,完整复制原字节
D:\Grad_Study\Practimum\Formalization\reports\trajectory_analysis\increment_v2_20260911\source_blobs\3fa17ab4c93ba6380405e276e6c8da15421d36a8b04dcc5d94d619a24058c1bb,verification/supporting_records/L1/N02/V2F00161-result.json,完整复制原字节
D:\Grad_Study\Practimum\Formalization\reports\trajectory_analysis\increment_v2_20260911\source_blobs\2d1b6ff4de8b3a1e52f98436eee6b74f3f4d4fe6aeaccb3a7e7dbce14f80c8d3,verification/supporting_records/L1/N02/V2F00523-reviewer-result-recovery.json,完整复制原字节
D:\Grad_Study\Practimum\Formalization\reports\trajectory_analysis\increment_v2_20260911\source_blobs\2731c4841276dd72e6148bfb65d8cd56c9a6027623e5ae66c3b62bafd48bac8e,verification/supporting_records/L1/N02/V2F00303-recovered-raw-review.json,完整复制原字节
D:\Grad_Study\Practimum\Formalization\reports\trajectory_analysis\increment_v2_20260911\source_blobs\8defaa13268eac8a88e74597c449f93fdf76ba25041bc5df0c366e1820dd1229,verification/supporting_records/L1/N02/V2F00293-raw-public-events.bin,完整复制原字节
D:\Grad_Study\Practimum\Formalization\reports\trajectory_analysis\increment_v2_20260911\source_blobs\62742cd1d8c1fd280ab4093c0411b3362873e41a2f8db2e84a6ce8fb777a2588,verification/supporting_records/L1/N02/V2F00440-raw-public-events.bin,完整复制原字节
D:\Grad_Study\Practimum\Formalization\reports\trajectory_analysis\increment_v2_20260911\source_blobs\5f550504c9c89f7099ca721d6df4defaf5b3b880a10c16f37174678a6f4b2345,verification/supporting_records/L1/N02/V2F00451-response.md,完整复制原字节
D:\Grad_Study\Practimum\Formalization\reports\trajectory_analysis\increment_v2_20260911\source_blobs\f13136af8fc976af336a5e1622983fbae41f1712f8392fd5dc1a797bccdaf333,verification/supporting_records/L1/N03/V2F00582-prob_13_9.lean,完整复制原字节
D:\Grad_Study\Practimum\Formalization\reports\trajectory_analysis\increment_v2_20260911\source_blobs\381ef3f08475518d030d2a53fc3856d84b6b6a4d9d187116fd638ff60933405c,verification/supporting_records/L1/N06/V2F01518-tool-events.jsonl,完整复制原字节
D:\Grad_Study\Practimum\Formalization\reports\trajectory_analysis\increment_v2_20260911\source_blobs\de049b7ebd8dc54e7edc87f0616d0f50b910f6a5ffd2719c254050b37ac6d21c,verification/supporting_records/L1/N06/V2F01519-final-run-receipt.json,完整复制原字节
D:\Grad_Study\Practimum\Formalization\reports\trajectory_analysis\increment_v2_20260911\source_blobs\7f4bac0ffd9aa5bc0540ada1ad868f11e5eaa717b6e3fe4389666c6c5cb35825,verification/supporting_records/L1/N06/V2F01454-prob_13_9.lean,完整复制原字节
D:\Grad_Study\Practimum\Formalization\reports\trajectory_analysis\increment_v2_20260911\source_blobs\9e7e0a782a275ad28eee9fc3b5842e294402c0f7996f479edac386313c29d2e2,verification/supporting_records/L1/N07/V2F01257-bridge-events.jsonl,完整复制原字节
D:\Grad_Study\Practimum\Formalization\reports\trajectory_analysis\increment_v2_20260911\source_blobs\9a258d012d6d6c154b6bb9f2b8c038ec83baccb7ec884dcfdf6ae8ff40d5f5ab,verification/supporting_records/L1/N07/V2F01288-bridge-events.jsonl,完整复制原字节
D:\Grad_Study\Practimum\Formalization\reports\trajectory_analysis\increment_v2_20260911\source_blobs\fe43402d537a3b1faef3ebb8c16fd2b225f6592d419182096d46ecfc0ba0569c,verification/supporting_records/L1/N07/V2F01254-actor-receipt.json,完整复制原字节
D:\Grad_Study\Practimum\Formalization\reports\trajectory_analysis\increment_v2_20260911\source_blobs\e02920a851615b3f089f7fdc54308bd91f31f0be6099d75e588a78d96643e85e,verification/supporting_records/L1/N07/V2F01285-actor-receipt.json,完整复制原字节
D:\Grad_Study\Practimum\Formalization\reports\trajectory_analysis\increment_v2_20260911\source_blobs\9760e97f85e21c5c27fd00f16836a1abf235ef8521c876c10055e2e60fd0236f,verification/supporting_records/L1/N08/V2F01530-bridge-events.jsonl,完整复制原字节
D:\Grad_Study\Practimum\Formalization\reports\trajectory_analysis\increment_v2_20260911\source_blobs\a70f626619dd39cd558163a98ba22f691ec82afadb3da62fb72c0d0685adb4d6,verification/supporting_records/L1/N08/V2F01624-bridge-events.jsonl,完整复制原字节
D:\Grad_Study\Practimum\Formalization\reports\trajectory_analysis\increment_v2_20260911\source_blobs\249940f071da69c868b86d21cae29fbdad527c3285d91139bfe869cb45017a5b,verification/supporting_records/L1/N08/V2F02390-prob_13_9.lean,完整复制原字节
D:\Grad_Study\Practimum\Formalization\reports\trajectory_analysis\increment_v2_20260911\source_blobs\1e0805e6eb0076facb7f29bfc0a7cdb8a9c79362916b9f80050ee93aeb0b698b,verification/supporting_records/L1/N08/V2F01871-RESULT.json,完整复制原字节
D:\Grad_Study\Practimum\Formalization\reports\trajectory_analysis\increment_v2_20260911\source_blobs\898b9a075a6efefce9739cf03f8b54878344dde7d0a26682b88bcdfca62622e0,verification/supporting_records/L1/N08/V2F01872-submission.json,完整复制原字节
D:\Grad_Study\Practimum\Formalization\reports\trajectory_analysis\increment_v2_20260911\source_blobs\f1ca4f6819943127850e58ca621e65f6629db34a51382cdb4f4f6d24919c4b1e,verification/supporting_records/L1/N10/C3S0241-tool-events.jsonl,完整复制原字节
D:\Grad_Study\Practimum\Formalization\reports\trajectory_analysis\increment_v2_20260911\source_blobs\677333c305fbf24e97440721fdeb7d8301e94357ff1bf393769d3a3b2607dc9f,verification/supporting_records/L1/N10/C3S0021-raw-public-events.bin,完整复制原字节
D:\Grad_Study\Practimum\Formalization\reports\trajectory_analysis\increment_v2_20260911\source_blobs\1634415d0896b2ed3b8f7920c2ecbd42067824a90b7cffa60d537bb6321b6c99,verification/supporting_records/L1/N10/C3S0243-final-run-receipt.json,完整复制原字节
D:\Grad_Study\Practimum\Formalization\reports\trajectory_analysis\increment_v2_20260911\source_blobs\55a6fa5b2f45a97c49d455bdf14c7f473d8e0ff5c081dd4e7bffa8d57e7e7adc,verification/supporting_records/L1/N10/C3S0181-prob_13_9.lean,完整复制原字节
本轮从已保存记录机械整理；非新增实验,verification/L1_MAP.json,新整理结果；非历史原件
D:\Grad_Study\Practimum\Formalization\reports\trajectory_analysis\revision_v3_20260911\evidence\latest\b\ea379861349e2cea3cff19c794f5985be9a596a12511e18fa89b1275c0d8e551,verification/supporting_records/H1/U07/01-bridge-events.jsonl,原始行范围摘录；各行原字节不变；不是完整日志
D:/Grad_Study/Practimum/Formalization/a-h1-cont-r4/author-call-01/bridge/bridge-events.jsonl,verification/supporting_records/H1/U07/01-bridge-events.jsonl,原始行范围摘录；各行原字节不变；不是完整日志
D:\Grad_Study\Practimum\Formalization\reports\trajectory_analysis\revision_v3_20260911\evidence\latest\b\7c4dea4dfe6e04a3b971b187ef9ffd376ecc6b9486931f61fe2c66e808487ee0,verification/supporting_records/H1/U07/02-bridge-events.jsonl,原始行范围摘录；各行原字节不变；不是完整日志
D:/Grad_Study/Practimum/Formalization/a-h1-cont-r4/help/29200df5-c1ff-45f5-b89f-1a2252b6acd8/actor/bridge/bridge-events.jsonl,verification/supporting_records/H1/U07/02-bridge-events.jsonl,原始行范围摘录；各行原字节不变；不是完整日志
D:\Grad_Study\Practimum\Formalization\reports\trajectory_analysis\revision_v3_20260911\evidence\latest\b\c519f277a78b6d9501bae4d85ae82842d2f349f9e54083af9e1d16730cc38d5c,verification/supporting_records/H1/U07/03-draft-before.lean,完整复制原字节
D:\Grad_Study\Practimum\Formalization\reports\trajectory_analysis\revision_v3_20260911\evidence\latest\b\1ee0150af646140bce1350ecea80468330cc3140a7c5038126aeb4ca2e843605,verification/supporting_records/H1/U08/01-bridge-events.jsonl,原始行范围摘录；各行原字节不变；不是完整日志
D:/Grad_Study/Practimum/Formalization/a-h1-cont-r4/help/a592bc46-fdaa-4507-9594-6e1750eaa0aa/actor/bridge/bridge-events.jsonl,verification/supporting_records/H1/U08/01-bridge-events.jsonl,原始行范围摘录；各行原字节不变；不是完整日志
D:\Grad_Study\Practimum\Formalization\reports\trajectory_analysis\revision_v3_20260911\evidence\latest\b\019b99f90096f3913ade6d3229f95580292cdb903f86552cb7fdc407f262109f,verification/supporting_records/H1/U08/02-after-export.stderr.bin,完整复制原字节
D:\Grad_Study\Practimum\Formalization\reports\trajectory_analysis\revision_v3_20260911\evidence\latest\b\ea379861349e2cea3cff19c794f5985be9a596a12511e18fa89b1275c0d8e551,verification/supporting_records/H1/U08/03-bridge-events.jsonl,原始行范围摘录；各行原字节不变；不是完整日志
D:/Grad_Study/Practimum/Formalization/a-h1-cont-r4/author-call-01/bridge/bridge-events.jsonl,verification/supporting_records/H1/U08/03-bridge-events.jsonl,原始行范围摘录；各行原字节不变；不是完整日志
D:\Grad_Study\Practimum\Formalization\reports\trajectory_analysis\revision_v3_20260911\evidence\latest\b\49c2a67e4f2882919a5b6135e42f362eb8d05180f8c2cf48a01ab669b73cf32d,verification/supporting_records/H1/U08/04-role-artifact-2-patch.diff,完整复制原字节
D:\Grad_Study\Practimum\Formalization\reports\trajectory_analysis\revision_v3_20260911\evidence\latest\b\f3d7684f29497b77cc38cf770f13a8ed074327c084c251222cb971be1ccc345c,verification/supporting_records/H1/U08/05-bridge-events.jsonl,原始行范围摘录；各行原字节不变；不是完整日志
D:/Grad_Study/Practimum/Formalization/a-h1-cont-r4/author-call-02/bridge/bridge-events.jsonl,verification/supporting_records/H1/U08/05-bridge-events.jsonl,原始行范围摘录；各行原字节不变；不是完整日志
D:\Grad_Study\Practimum\Formalization\reports\trajectory_analysis\revision_v3_20260911\evidence\latest\b\70c37e836bd61b1a6bf2bd7af253b232b8328333e83b29beaae394742091f339,verification/supporting_records/H1/U08/06-thm_9_5.lean,完整复制原字节
D:\Grad_Study\Practimum\Formalization\reports\trajectory_analysis\revision_v3_20260911\evidence\latest\b\f3d7684f29497b77cc38cf770f13a8ed074327c084c251222cb971be1ccc345c,verification/supporting_records/H1/U09/01-bridge-events.jsonl,原始行范围摘录；各行原字节不变；不是完整日志
D:/Grad_Study/Practimum/Formalization/a-h1-cont-r4/author-call-02/bridge/bridge-events.jsonl,verification/supporting_records/H1/U09/01-bridge-events.jsonl,原始行范围摘录；各行原字节不变；不是完整日志
D:\Grad_Study\Practimum\Formalization\reports\trajectory_analysis\revision_v3_20260911\evidence\latest\b\2d6474323702f328b8f2b0c0ad2a61b31ed9c5b47510ebf1f7788a8d23323500,verification/supporting_records/H1/U09/02-rejected-result-before-correction.json,完整复制原字节
D:\Grad_Study\Practimum\Formalization\reports\trajectory_analysis\revision_v3_20260911\evidence\latest\b\0743deef21a001bdb57afb740a45b6c9ea60cc3b96ea3ae98fbe478dbe2f8b3c,verification/supporting_records/H1/U09/03-response.json,完整复制原字节
D:\Grad_Study\Practimum\Formalization\reports\trajectory_analysis\revision_v3_20260911\evidence\latest\b\b5788b2870d132e13272e27c1b4320ff402fcf6fd0df97cc9948b718de234e20,verification/supporting_records/H1/U09/04-actor-receipt.json,完整复制原字节
D:\Grad_Study\Practimum\Formalization\reports\trajectory_analysis\revision_v3_20260911\evidence\latest\b\b4b670f583429e96d96cce27ffa07410418cd5353e4312594f52bf111959aae7,verification/supporting_records/H1/U09/05-actor-receipt.json,完整复制原字节
D:\Grad_Study\Practimum\Formalization\reports\trajectory_analysis\revision_v3_20260911\evidence\latest\b\9ceed6b137a2be45ad850a1529da535f6664fac218aa3011b5d238af84a4ed21,verification/supporting_records/H1/U09/06-bridge-events.jsonl,原始行范围摘录；各行原字节不变；不是完整日志
D:/Grad_Study/Practimum/Formalization/a-h1-cont-r4/author-call-03/bridge/bridge-events.jsonl,verification/supporting_records/H1/U09/06-bridge-events.jsonl,原始行范围摘录；各行原字节不变；不是完整日志
D:\Grad_Study\Practimum\Formalization\reports\trajectory_analysis\revision_v3_20260911\evidence\latest\b\ffcbe71e85ef614c1e7265681c1f01b51b162975311cbf8fcd19dea71742511d,verification/supporting_records/H1/U13/01-bridge-events.jsonl,原始行范围摘录；各行原字节不变；不是完整日志
D:/Grad_Study/Practimum/Formalization/a-h1-cont-r4/author-call-03/bridge/bridge-events.jsonl,verification/supporting_records/H1/U13/01-bridge-events.jsonl,原始行范围摘录；各行原字节不变；不是完整日志
D:\Grad_Study\Practimum\Formalization\reports\trajectory_analysis\revision_v3_20260911\evidence\latest\b\56dfb5229d2fd3977c3565175e12f5d11aef13c76406bd7944a747846427281e,verification/supporting_records/H1/U13/02-review_apply_receipt_v1.json,完整复制原字节
D:\Grad_Study\Practimum\Formalization\reports\trajectory_analysis\revision_v3_20260911\evidence\latest\b\96d5c1f8f4e5eb0a3374a1e2e6b9e67b403a0b5854bc9b83e9c700d3ebacbe16,verification/supporting_records/H1/U13/03-review_apply_receipt_v1.json,完整复制原字节
D:\Grad_Study\Practimum\Formalization\reports\trajectory_analysis\revision_v3_20260911\evidence\latest\b\3a590a714eab28d53e1109f1671f97d5414dfc40f497d92e724944b6cf2702c3,verification/supporting_records/H1/U13/04-review_apply_receipt_v1.json,完整复制原字节
D:\Grad_Study\Practimum\Formalization\reports\trajectory_analysis\revision_v3_20260911\evidence\latest\b\a6472d8bb1e9bb689f0282084b8afc524c9d5832e043f2cd7884828b12b2dfe0,verification/supporting_records/H1/U13/05-review_apply_receipt_v1.json,完整复制原字节
D:\Grad_Study\Practimum\Formalization\reports\trajectory_analysis\revision_v3_20260911\evidence\latest\b\2da5e0a6363a6135b1e1f66873843bc5e05bff6e16ab513986163890fcea7873,verification/supporting_records/H1/U13/06-review_apply_receipt_v1.json,完整复制原字节
本轮从已保存记录机械整理；非新增实验,verification/H1_MAP.json,新整理结果；非历史原件
D:\Grad_Study\Practimum\Formalization\a-h1-cont-r4\support3-export-recovery-r1\after-manifest.json,verification/supporting_records/H1/recovery/after-manifest.json,完整复制原字节
D:\Grad_Study\Practimum\Formalization\a-h1-cont-r4\support3-export-recovery-r1\caller-feedback-copy.json,verification/supporting_records/H1/recovery/caller-feedback-copy.json,完整复制原字节
D:\Grad_Study\Practimum\Formalization\a-h1-cont-r4\support3-export-recovery-r1\export-command.json,verification/supporting_records/H1/recovery/export-command.json,完整复制原字节
D:\Grad_Study\Practimum\Formalization\a-h1-cont-r4\support3-export-recovery-r1\RECOVERY_RECEIPT.json,verification/supporting_records/H1/recovery/RECOVERY_RECEIPT.json,完整复制原字节
本轮从已保存记录机械整理；非新增实验,verification/MAINTENANCE_SCOPE.csv,新整理结果；非历史原件
D:\Grad_Study\Practimum\Formalization\ep-bc-h1-b\development-b-r4\cases\47e738ffc037453d4d24ee76143fbc98dfd6102041a2fa1daaa60e3c28726722\executions\reviewer-1\attempt-01\actor\raw-public-events.bin,verification/supporting_records/evaluation_exceptions/24410308/original-public-return.jsonl,原始行摘录，未改行字节
D:\Grad_Study\Practimum\Formalization\ep-bc-h1-b\development-b-r4\cases\47e738ffc037453d4d24ee76143fbc98dfd6102041a2fa1daaa60e3c28726722\executions\reviewer-1\attempt-01\trusted-execution-failure.json,verification/supporting_records/evaluation_exceptions/24410308/result_source.json,完整复制原字节
D:\Grad_Study\Practimum\Formalization\ep-bc-h1-b\development-b-r4\cases\47e738ffc037453d4d24ee76143fbc98dfd6102041a2fa1daaa60e3c28726722\executions\reviewer-1\attempt-01\actor\actor-receipt.json,verification/supporting_records/evaluation_exceptions/24410308/receipt_source.json,完整复制原字节
D:\Grad_Study\Practimum\Formalization\ep-bc-h1-b\development-b-r4\cases\47e738ffc037453d4d24ee76143fbc98dfd6102041a2fa1daaa60e3c28726722\final\decision.json,verification/supporting_records/evaluation_exceptions/24410308/final_decision_source.json,完整复制原字节
D:\Grad_Study\Practimum\Formalization\ep-bc-h1-b\development-b-r4\cases\47e738ffc037453d4d24ee76143fbc98dfd6102041a2fa1daaa60e3c28726722\input-binding.json,verification/supporting_records/evaluation_exceptions/24410308/input-binding.json,完整复制原字节
D:\Grad_Study\Practimum\Formalization\ep-bc-l5-b\development-b-r4\cases\cf5b6aef3c35c8b4a29084605321dfede7088188224048061c7a621e4b0c2058\executions\reviewer-2\attempt-01\actor\raw-public-events.bin,verification/supporting_records/evaluation_exceptions/d5df372b/original-public-return.jsonl,原始行摘录，未改行字节
D:\Grad_Study\Practimum\Formalization\ep-bc-l5-b\development-b-r4\cases\cf5b6aef3c35c8b4a29084605321dfede7088188224048061c7a621e4b0c2058\executions\reviewer-2\attempt-01\trusted-execution-failure.json,verification/supporting_records/evaluation_exceptions/d5df372b/result_source.json,完整复制原字节
D:\Grad_Study\Practimum\Formalization\ep-bc-l5-b\development-b-r4\cases\cf5b6aef3c35c8b4a29084605321dfede7088188224048061c7a621e4b0c2058\executions\reviewer-2\attempt-01\actor\actor-receipt.json,verification/supporting_records/evaluation_exceptions/d5df372b/receipt_source.json,完整复制原字节
D:\Grad_Study\Practimum\Formalization\ep-bc-l5-b\development-b-r4\cases\cf5b6aef3c35c8b4a29084605321dfede7088188224048061c7a621e4b0c2058\final\decision.json,verification/supporting_records/evaluation_exceptions/d5df372b/final_decision_source.json,完整复制原字节
D:\Grad_Study\Practimum\Formalization\ep-bc-l5-b\development-b-r4\cases\cf5b6aef3c35c8b4a29084605321dfede7088188224048061c7a621e4b0c2058\input-binding.json,verification/supporting_records/evaluation_exceptions/d5df372b/input-binding.json,完整复制原字节
D:\Grad_Study\Practimum\Formalization\ep-bc-l7-c\development-ac-r1\cases\c2fb5f540fc9fa12c894317b9f8877dda7181210d43384d4a81b417eb07ea39d\executions\reviewer-1\attempt-01\actor\raw-public-events.bin,verification/supporting_records/evaluation_exceptions/dbdcff90/original-public-return.jsonl,原始行摘录，未改行字节
D:\Grad_Study\Practimum\Formalization\ep-bc-l7-c\development-ac-r1\cases\c2fb5f540fc9fa12c894317b9f8877dda7181210d43384d4a81b417eb07ea39d\executions\reviewer-1\attempt-01\trusted-execution-failure.json,verification/supporting_records/evaluation_exceptions/dbdcff90/result_source.json,完整复制原字节
D:\Grad_Study\Practimum\Formalization\ep-bc-l7-c\development-ac-r1\cases\c2fb5f540fc9fa12c894317b9f8877dda7181210d43384d4a81b417eb07ea39d\executions\reviewer-1\attempt-01\actor\actor-receipt.json,verification/supporting_records/evaluation_exceptions/dbdcff90/receipt_source.json,完整复制原字节
D:\Grad_Study\Practimum\Formalization\ep-bc-l7-c\development-ac-r1\cases\c2fb5f540fc9fa12c894317b9f8877dda7181210d43384d4a81b417eb07ea39d\final\decision.json,verification/supporting_records/evaluation_exceptions/dbdcff90/final_decision_source.json,完整复制原字节
D:\Grad_Study\Practimum\Formalization\ep-bc-l7-c\development-ac-r1\cases\c2fb5f540fc9fa12c894317b9f8877dda7181210d43384d4a81b417eb07ea39d\input-binding.json,verification/supporting_records/evaluation_exceptions/dbdcff90/input-binding.json,完整复制原字节
D:\Grad_Study\Practimum\Formalization\ep-bc-l7-c\development-ac-r1\cases\c2fb5f540fc9fa12c894317b9f8877dda7181210d43384d4a81b417eb07ea39d\executions\reviewer-2\attempt-01\actor\raw-public-events.bin,verification/supporting_records/evaluation_exceptions/8411fa79/original-public-return.jsonl,原始行摘录，未改行字节
D:\Grad_Study\Practimum\Formalization\ep-bc-l7-c\development-ac-r1\cases\c2fb5f540fc9fa12c894317b9f8877dda7181210d43384d4a81b417eb07ea39d\executions\reviewer-2\attempt-01\trusted-execution-failure.json,verification/supporting_records/evaluation_exceptions/8411fa79/result_source.json,完整复制原字节
D:\Grad_Study\Practimum\Formalization\ep-bc-l7-c\development-ac-r1\cases\c2fb5f540fc9fa12c894317b9f8877dda7181210d43384d4a81b417eb07ea39d\executions\reviewer-2\attempt-01\actor\actor-receipt.json,verification/supporting_records/evaluation_exceptions/8411fa79/receipt_source.json,完整复制原字节
D:\Grad_Study\Practimum\Formalization\ep-bc-l7-c\development-ac-r1\cases\c2fb5f540fc9fa12c894317b9f8877dda7181210d43384d4a81b417eb07ea39d\final\decision.json,verification/supporting_records/evaluation_exceptions/8411fa79/final_decision_source.json,完整复制原字节
D:\Grad_Study\Practimum\Formalization\ep-bc-l7-c\development-ac-r1\cases\c2fb5f540fc9fa12c894317b9f8877dda7181210d43384d4a81b417eb07ea39d\input-binding.json,verification/supporting_records/evaluation_exceptions/8411fa79/input-binding.json,完整复制原字节
D:\Grad_Study\Practimum\Formalization\ep-a-stage-m3\development-ac-r1\cases\03ca44ff6112c2a452d83b998985c2aa22bdeb3d40524939c786d403cce8dc1e\executions\reviewer-2\attempt-01\actor\raw-public-events.bin,verification/supporting_records/evaluation_exceptions/a5d45f5e/original-public-return.jsonl,原始行摘录，未改行字节
D:\Grad_Study\Practimum\Formalization\ep-a-stage-m3\development-ac-r1\cases\03ca44ff6112c2a452d83b998985c2aa22bdeb3d40524939c786d403cce8dc1e\executions\reviewer-2\attempt-01\trusted-execution-failure.json,verification/supporting_records/evaluation_exceptions/a5d45f5e/result_source.json,完整复制原字节
D:\Grad_Study\Practimum\Formalization\ep-a-stage-m3\development-ac-r1\cases\03ca44ff6112c2a452d83b998985c2aa22bdeb3d40524939c786d403cce8dc1e\executions\reviewer-2\attempt-01\actor\actor-receipt.json,verification/supporting_records/evaluation_exceptions/a5d45f5e/receipt_source.json,完整复制原字节
D:\Grad_Study\Practimum\Formalization\ep-a-stage-m3\development-ac-r1\cases\03ca44ff6112c2a452d83b998985c2aa22bdeb3d40524939c786d403cce8dc1e\final\decision.json,verification/supporting_records/evaluation_exceptions/a5d45f5e/final_decision_source.json,完整复制原字节
D:\Grad_Study\Practimum\Formalization\ep-a-stage-m3\development-ac-r1\cases\03ca44ff6112c2a452d83b998985c2aa22bdeb3d40524939c786d403cce8dc1e\input-binding.json,verification/supporting_records/evaluation_exceptions/a5d45f5e/input-binding.json,完整复制原字节
D:\Grad_Study\Practimum\Formalization\rr-l3-v1\candidate-b299284a15fd-adjud\executions\adjudicator\attempt-01\REVIEW_RESULT.json,verification/supporting_records/evaluation_exceptions/L3-candidate-b299284a15fd-1/source.json,完整复制原字节
D:\Grad_Study\Practimum\Formalization\review_history_retro_20260901\research_framework\full_workflow_eval_codesign_20260910\evaluation_repair_r3_20260912\normalized\L3-candidate-b299284a15fd-1.json,verification/supporting_records/evaluation_exceptions/L3-candidate-b299284a15fd-1/output.json,完整复制原字节
D:\Grad_Study\Practimum\Formalization\rr-l3-v1\candidate-b299284a15fd-adjud\subject\reevaluation\TAIL_SCOPE_REVISION.json,verification/supporting_records/evaluation_exceptions/L3-candidate-b299284a15fd-1/quoted_context/reevaluation/TAIL_SCOPE_REVISION.json,完整复制原字节
D:\Grad_Study\Practimum\Formalization\rr-l3-v1\candidate-ca86a7f5709c-adjud\executions\adjudicator\attempt-01\REVIEW_RESULT.json,verification/supporting_records/evaluation_exceptions/L3-candidate-ca86a7f5709c-1/source.json,完整复制原字节
D:\Grad_Study\Practimum\Formalization\review_history_retro_20260901\research_framework\full_workflow_eval_codesign_20260910\evaluation_repair_r3_20260912\normalized\L3-candidate-ca86a7f5709c-1.json,verification/supporting_records/evaluation_exceptions/L3-candidate-ca86a7f5709c-1/output.json,完整复制原字节
D:\Grad_Study\Practimum\Formalization\rr-l3-v1\candidate-ca86a7f5709c-adjud\subject\source\SOURCE.tex,verification/supporting_records/evaluation_exceptions/L3-candidate-ca86a7f5709c-1/quoted_context/source/SOURCE.tex,完整复制原字节
D:\Grad_Study\Practimum\Formalization\rr-h1-v1\candidate-ad3cbe004a3a-adjud\executions\adjudicator\attempt-01\REVIEW_RESULT.json,verification/supporting_records/evaluation_exceptions/H1-candidate-ad3cbe004a3a-1/source.json,完整复制原字节
D:\Grad_Study\Practimum\Formalization\review_history_retro_20260901\research_framework\full_workflow_eval_codesign_20260910\evaluation_repair_r3_20260912\normalized\H1-candidate-ad3cbe004a3a-1.json,verification/supporting_records/evaluation_exceptions/H1-candidate-ad3cbe004a3a-1/output.json,完整复制原字节
D:\Grad_Study\Practimum\Formalization\rr-h1-v1\candidate-ad3cbe004a3a-adjud\subject\source\SOURCE.tex,verification/supporting_records/evaluation_exceptions/H1-candidate-ad3cbe004a3a-1/quoted_context/source/SOURCE.tex,完整复制原字节
D:\Grad_Study\Practimum\Formalization\ep-bc-l7-c\development-ac-r1\cases\c2fb5f540fc9fa12c894317b9f8877dda7181210d43384d4a81b417eb07ea39d\executions\reviewer-1\attempt-01\actor\raw-public-events.bin,verification/supporting_records/evaluation_exceptions/L7-C-original-reviewer-1/source.json,完整复制原字节
D:\Grad_Study\Practimum\Formalization\review_history_retro_20260901\research_framework\full_workflow_eval_codesign_20260910\evaluation_repair_r3_20260912\normalized\L7-C-original-reviewer-1.json,verification/supporting_records/evaluation_exceptions/L7-C-original-reviewer-1/output.json,完整复制原字节
D:\Grad_Study\Practimum\Formalization\ep-bc-l7-c\development-ac-r1\cases\c2fb5f540fc9fa12c894317b9f8877dda7181210d43384d4a81b417eb07ea39d\executions\reviewer-2\attempt-01\actor\raw-public-events.bin,verification/supporting_records/evaluation_exceptions/L7-C-original-reviewer-2/source.json,完整复制原字节
D:\Grad_Study\Practimum\Formalization\review_history_retro_20260901\research_framework\full_workflow_eval_codesign_20260910\evaluation_repair_r3_20260912\normalized\L7-C-original-reviewer-2.json,verification/supporting_records/evaluation_exceptions/L7-C-original-reviewer-2/output.json,完整复制原字节
D:\Grad_Study\Practimum\Formalization\bcap-r4-runs\coverage-H1-B-r4-001\author-call-01\raw-public-events.bin,verification/supporting_records/H1/original_delivery/B/raw-final-message.jsonl,原始行摘录，未改行字节
D:\Grad_Study\Practimum\Formalization\bcap-r4-runs\coverage-H1-B-r4-001\submission.json,verification/supporting_records/H1/original_delivery/B/submission.json,完整复制原字节
D:\Grad_Study\Practimum\Formalization\rr-h1-v1\candidate-ad3cbe004a3a-adjud\subject\original_delivery\EVIDENCE_LIMITS.json,verification/supporting_records/H1/original_delivery/B/neutral-candidate-ad3cbe004a3a-adjud/EVIDENCE_LIMITS.json,完整复制原字节
D:\Grad_Study\Practimum\Formalization\rr-h1-v1\candidate-ad3cbe004a3a-adjud\subject\original_delivery\FINAL_MESSAGE.txt,verification/supporting_records/H1/original_delivery/B/neutral-candidate-ad3cbe004a3a-adjud/FINAL_MESSAGE.txt,完整复制原字节
D:\Grad_Study\Practimum\Formalization\rr-h1-v1\candidate-ad3cbe004a3a-adjud\subject\original_delivery\NEUTRAL_SUBMISSION.json,verification/supporting_records/H1/original_delivery/B/neutral-candidate-ad3cbe004a3a-adjud/NEUTRAL_SUBMISSION.json,完整复制原字节
D:\Grad_Study\Practimum\Formalization\c-r3-runs\c-r3-h1-001\run\actors\coordinator-001\raw-public-events.bin,verification/supporting_records/H1/original_delivery/C/raw-final-message.jsonl,原始行摘录，未改行字节
D:\Grad_Study\Practimum\Formalization\c-r3-runs\c-r3-h1-001\run\candidates\c6\visible-files\DELIVERY.zh-CN.md,verification/supporting_records/H1/original_delivery/C/DELIVERY.zh-CN.md,完整复制原字节
D:\Grad_Study\Practimum\Formalization\c-r3-runs\c-r3-h1-001\run\candidates\c6\visible-files\DECLARATIONS.zh-CN.md,verification/supporting_records/H1/original_delivery/C/DECLARATIONS.zh-CN.md,完整复制原字节
D:\Grad_Study\Practimum\Formalization\rr-h1-v1\candidate-c47950c412e8-adjud\subject\original_delivery\DECLARATIONS.zh-CN.md,verification/supporting_records/H1/original_delivery/C/neutral-candidate-c47950c412e8-adjud/DECLARATIONS.zh-CN.md,完整复制原字节
D:\Grad_Study\Practimum\Formalization\rr-h1-v1\candidate-c47950c412e8-adjud\subject\original_delivery\DELIVERY.zh-CN.md,verification/supporting_records/H1/original_delivery/C/neutral-candidate-c47950c412e8-adjud/DELIVERY.zh-CN.md,完整复制原字节
D:\Grad_Study\Practimum\Formalization\rr-h1-v1\candidate-c47950c412e8-adjud\subject\original_delivery\EVIDENCE_LIMITS.json,verification/supporting_records/H1/original_delivery/C/neutral-candidate-c47950c412e8-adjud/EVIDENCE_LIMITS.json,完整复制原字节
D:\Grad_Study\Practimum\Formalization\rr-h1-v1\candidate-c47950c412e8-adjud\subject\original_delivery\FINAL_MESSAGE.txt,verification/supporting_records/H1/original_delivery/C/neutral-candidate-c47950c412e8-adjud/FINAL_MESSAGE.txt,完整复制原字节
D:\Grad_Study\Practimum\Formalization\a-h1-cont-r4\author-call-03\raw-public-events.bin,verification/supporting_records/H1/original_delivery/A/raw-final-message.jsonl,原始行摘录，未改行字节
D:\Grad_Study\Practimum\Formalization\rr-h1-v1\candidate-dfce8b6cb8f4-adjud\subject\original_delivery\EVIDENCE_LIMITS.json,verification/supporting_records/H1/original_delivery/A/neutral-candidate-dfce8b6cb8f4-adjud/EVIDENCE_LIMITS.json,完整复制原字节
D:\Grad_Study\Practimum\Formalization\rr-h1-v1\candidate-dfce8b6cb8f4-adjud\subject\original_delivery\FINAL_MESSAGE.txt,verification/supporting_records/H1/original_delivery/A/neutral-candidate-dfce8b6cb8f4-adjud/FINAL_MESSAGE.txt,完整复制原字节
本轮从已保存记录机械整理；非新增实验,verification/EVALUATION_EXCEPTION_MAP.json,新整理结果；非历史原件
D:\Grad_Study\Practimum\Formalization\reports\trajectory_analysis\team_review_v031_trajectory_v3_20260911\combined_revision_v11_20260912\qa\appendix.r10-to-r11.diff,manuscript/qa/appendix.r10-to-r11.diff,完整复制原字节
D:\Grad_Study\Practimum\Formalization\reports\trajectory_analysis\team_review_v031_trajectory_v3_20260911\combined_revision_v11_20260912\qa\check_r11.py,manuscript/qa/check_r11.py,完整复制原字节
D:\Grad_Study\Practimum\Formalization\reports\trajectory_analysis\team_review_v031_trajectory_v3_20260911\combined_revision_v11_20260912\qa\report.r10-to-r11.diff,manuscript/qa/report.r10-to-r11.diff,完整复制原字节
D:\Grad_Study\Practimum\Formalization\reports\trajectory_analysis\team_review_v031_trajectory_v3_20260911\combined_revision_v11_20260912\qa\retain_doc_excerpts.py,manuscript/qa/retain_doc_excerpts.py,完整复制原字节
D:\Grad_Study\Practimum\Formalization\reports\trajectory_analysis\team_review_v031_trajectory_v3_20260911\combined_revision_v11_20260912\qa\revise_r10_to_r11.py,manuscript/qa/revise_r10_to_r11.py,完整复制原字节
D:\Grad_Study\Practimum\Formalization\reports\trajectory_analysis\team_review_v031_trajectory_v3_20260911\combined_revision_v11_20260912\qa\revision_10\REVISION_NOTES.zh.md,manuscript/qa/revision_10/REVISION_NOTES.zh.md,完整复制原字节
D:\Grad_Study\Practimum\Formalization\reports\trajectory_analysis\team_review_v031_trajectory_v3_20260911\combined_revision_v11_20260912\qa\revision_10\VERIFICATION.json,manuscript/qa/revision_10/VERIFICATION.json,完整复制原字节
D:\Grad_Study\Practimum\Formalization\reports\trajectory_analysis\team_review_v031_trajectory_v3_20260911\combined_revision_v11_20260912\qa\revision_10\appendix.content.diff,manuscript/qa/revision_10/appendix.content.diff,完整复制原字节
D:\Grad_Study\Practimum\Formalization\reports\trajectory_analysis\team_review_v031_trajectory_v3_20260911\combined_revision_v11_20260912\qa\revision_10\appendix.r9-to-r10.diff,manuscript/qa/revision_10/appendix.r9-to-r10.diff,完整复制原字节
D:\Grad_Study\Practimum\Formalization\reports\trajectory_analysis\team_review_v031_trajectory_v3_20260911\combined_revision_v11_20260912\qa\revision_10\report.content.diff,manuscript/qa/revision_10/report.content.diff,完整复制原字节
D:\Grad_Study\Practimum\Formalization\reports\trajectory_analysis\team_review_v031_trajectory_v3_20260911\combined_revision_v11_20260912\qa\revision_10\report.r9-to-r10.diff,manuscript/qa/revision_10/report.r9-to-r10.diff,完整复制原字节
本轮从已保存记录机械整理；非新增实验,verification/DELIVERY_CHECK.md,新整理结果；非历史原件
本轮从已保存记录机械整理；非新增实验,START_HERE.md,新整理结果；非历史原件
B01 | ROOT/reports\trajectory_analysis\team_review_v031_trajectory_v3_20260911\combined_revision_v7_20260912\ev\Z002,manuscript/evidence/r9_rewrite_evidence/sources/B01.json,摘录/JSON序列化；ROOT及USER_HOME路径别名；原字段不改；并非原字节副本
B02 | ROOT/reports\trajectory_analysis\team_review_v031_trajectory_v3_20260911\combined_revision_v7_20260912\DERIVED_RUN_METRICS.json,manuscript/evidence/r9_rewrite_evidence/sources/B02.json,摘录/JSON序列化；ROOT及USER_HOME路径别名；原字段不改；并非原字节副本
B03 | ROOT/review_history_retro_20260901\research_framework\full_workflow_eval_codesign_20260910\evaluation_consistency_r1_20260911\assemble_final_delivery_r1.py,manuscript/evidence/r9_rewrite_evidence/sources/B03.txt,摘录/JSON序列化；ROOT及USER_HOME路径别名；原字段不改；并非原字节副本
A01 | ROOT/reports\trajectory_analysis\team_review_v031_trajectory_v3_20260911\combined_revision_v7_20260912\ev\Y001_CURRENT_ACCEPTANCE.zh-CN.md,manuscript/evidence/r9_rewrite_evidence/sources/A01.txt,摘录/JSON序列化；ROOT及USER_HOME路径别名；原字段不改；并非原字节副本
A02 | ROOT/reports\trajectory_analysis\team_review_v031_trajectory_v3_20260911\combined_revision_v7_20260912\ev\Y002_CURRENT_MAIN_RESULTS.json,manuscript/evidence/r9_rewrite_evidence/sources/A02.json,摘录/JSON序列化；ROOT及USER_HOME路径别名；原字段不改；并非原字节副本
A03 | ROOT/reports\trajectory_analysis\team_review_v031_trajectory_v3_20260911\combined_revision_v7_20260912\ev\Y005_PROCESSING_REPAIRS.json,manuscript/evidence/r9_rewrite_evidence/sources/A03.json,摘录/JSON序列化；ROOT及USER_HOME路径别名；原字段不改；并非原字节副本
A04 | ROOT/reports\trajectory_analysis\team_review_v031_trajectory_v3_20260911\combined_revision_v7_20260912\ev\Y006_TEST_RESULTS.json,manuscript/evidence/r9_rewrite_evidence/sources/A04.json,摘录/JSON序列化；ROOT及USER_HOME路径别名；原字段不改；并非原字节副本
A05 | ROOT/reports\trajectory_analysis\team_review_v031_trajectory_v3_20260911\combined_revision_v7_20260912\ev\Y007_STAGE_COMPLETED.json,manuscript/evidence/r9_rewrite_evidence/sources/A05.json,摘录/JSON序列化；ROOT及USER_HOME路径别名；原字段不改；并非原字节副本
A10 | ROOT/review_history_retro_20260901\research_framework\full_workflow_eval_codesign_20260910\evaluation_consistency_r1_20260911\RULE_INTERPRETATION.json,manuscript/evidence/r9_rewrite_evidence/sources/A10.json,摘录/JSON序列化；ROOT及USER_HOME路径别名；原字段不改；并非原字节副本
A11 | ROOT/review_history_retro_20260901\research_framework\full_workflow_eval_codesign_20260910\evaluation_consistency_r1_20260911\H1_DETAILED_RULE_R1.json,manuscript/evidence/r9_rewrite_evidence/sources/A11.json,摘录/JSON序列化；ROOT及USER_HOME路径别名；原字段不改；并非原字节副本
A12 | ROOT/review_history_retro_20260901\research_framework\full_workflow_eval_codesign_20260910\evaluation_consistency_r1_20260911\H1_DELIVERY_EVIDENCE_SCOPE_ADDENDUM_R1.json,manuscript/evidence/r9_rewrite_evidence/sources/A12.json,摘录/JSON序列化；ROOT及USER_HOME路径别名；原字段不改；并非原字节副本
A13 | ROOT/review_history_retro_20260901\research_framework\full_workflow_eval_codesign_20260910\evaluation_consistency_r1_20260911\H1_DELIVERY_ORIGINAL_PROVENANCE_R1.json,manuscript/evidence/r9_rewrite_evidence/sources/A13.json,摘录/JSON序列化；ROOT及USER_HOME路径别名；原字段不改；并非原字节副本
A14 | ROOT/review_history_retro_20260901\research_framework\full_workflow_eval_codesign_20260910\evaluation_consistency_r1_20260911\L3_RULE_AND_CANDIDATE_ROSTER.json,manuscript/evidence/r9_rewrite_evidence/sources/A14.json,摘录/JSON序列化；ROOT及USER_HOME路径别名；原字段不改；并非原字节副本
A15 | ROOT/review_history_retro_20260901\research_framework\full_workflow_eval_codesign_20260910\evaluation_consistency_r1_20260911\L3_PRE_EVALUATION_SCOPE_ADDENDUM_R1.json,manuscript/evidence/r9_rewrite_evidence/sources/A15.json,摘录/JSON序列化；ROOT及USER_HOME路径别名；原字段不改；并非原字节副本
A16 | ROOT/review_history_retro_20260901\research_framework\full_workflow_eval_codesign_20260910\evaluation_consistency_r1_20260911\L3_TASK_TAIL_READING_REGISTRATION_R1.json,manuscript/evidence/r9_rewrite_evidence/sources/A16.json,摘录/JSON序列化；ROOT及USER_HOME路径别名；原字段不改；并非原字节副本
A17 | ROOT/review_history_retro_20260901\research_framework\full_workflow_eval_codesign_20260910\evaluation_consistency_r1_20260911\L7_CONTRACT_DIAGNOSIS.json,manuscript/evidence/r9_rewrite_evidence/sources/A17.json,摘录/JSON序列化；ROOT及USER_HOME路径别名；原字段不改；并非原字节副本
A18 | ROOT/review_history_retro_20260901\research_framework\full_workflow_eval_codesign_20260910\evaluation_consistency_r1_20260911\L2_REASSESSMENT_PLAN.json,manuscript/evidence/r9_rewrite_evidence/sources/A18.json,摘录/JSON序列化；ROOT及USER_HOME路径别名；原字段不改；并非原字节副本
A19 | ROOT/review_history_retro_20260901\research_framework\full_workflow_eval_codesign_20260910\evaluation_consistency_r1_20260911\L3_REASSESSMENT_PLAN.json,manuscript/evidence/r9_rewrite_evidence/sources/A19.json,摘录/JSON序列化；ROOT及USER_HOME路径别名；原字段不改；并非原字节副本
A20 | ROOT/review_history_retro_20260901\research_framework\full_workflow_eval_codesign_20260910\evaluation_consistency_r1_20260911\H1_REASSESSMENT_PLAN.json,manuscript/evidence/r9_rewrite_evidence/sources/A20.json,摘录/JSON序列化；ROOT及USER_HOME路径别名；原字段不改；并非原字节副本
A21 | ROOT/review_history_retro_20260901\research_framework\full_workflow_eval_codesign_20260910\evaluation_consistency_r1_20260911\H1_ADJUDICATION_PLAN.json,manuscript/evidence/r9_rewrite_evidence/sources/A21.json,摘录/JSON序列化；ROOT及USER_HOME路径别名；原字段不改；并非原字节副本
A30 | ROOT/reports\trajectory_analysis\team_review_v031_trajectory_v3_20260911\combined_revision_v7_20260912\ev\X003_ATTRIBUTION_AND_SCOPE.json,manuscript/evidence/r9_rewrite_evidence/sources/A30.json,摘录/JSON序列化；ROOT及USER_HOME路径别名；原字段不改；并非原字节副本
A31 | ROOT/reports\trajectory_analysis\team_review_v031_trajectory_v3_20260911\combined_revision_v7_20260912\ev\X012_FINAL_SCOPE_CLARIFICATION.json,manuscript/evidence/r9_rewrite_evidence/sources/A31.json,摘录/JSON序列化；ROOT及USER_HOME路径别名；原字段不改；并非原字节副本
A32 | ROOT/reports\trajectory_analysis\team_review_v031_trajectory_v3_20260911\combined_revision_v7_20260912\ev\X020_NEW_RESOURCE_LEDGER.json,manuscript/evidence/r9_rewrite_evidence/sources/A32.json,摘录/JSON序列化；ROOT及USER_HOME路径别名；原字段不改；并非原字节副本
A33 | ROOT/reports\trajectory_analysis\team_review_v031_trajectory_v3_20260911\combined_revision_v7_20260912\ev\X027_RESOURCE_AUDIT.json,manuscript/evidence/r9_rewrite_evidence/sources/A33.json,摘录/JSON序列化；ROOT及USER_HOME路径别名；原字段不改；并非原字节副本
A34 | ROOT/reports\trajectory_analysis\team_review_v031_trajectory_v3_20260911\combined_revision_v7_20260912\ev\X053_REVIEW_RESULT.json,manuscript/evidence/r9_rewrite_evidence/sources/A34.json,摘录/JSON序列化；ROOT及USER_HOME路径别名；原字段不改；并非原字节副本
A35 | ROOT/reports\trajectory_analysis\team_review_v031_trajectory_v3_20260911\combined_revision_v7_20260912\ev\X058_REVIEW_RESULT.json,manuscript/evidence/r9_rewrite_evidence/sources/A35.json,摘录/JSON序列化；ROOT及USER_HOME路径别名；原字段不改；并非原字节副本
B04 | ROOT/review_history_retro_20260901\research_framework\full_workflow_eval_codesign_20260910\evaluation_consistency_r1_20260911\FROZEN_LIBRARY_BINDING.json,manuscript/evidence/r9_rewrite_evidence/sources/B04.json,摘录/JSON序列化；ROOT及USER_HOME路径别名；原字段不改；并非原字节副本
B05 | ROOT/review_history_retro_20260901\research_framework\full_workflow_eval_codesign_20260910\evaluation_consistency_r1_20260911\FULL_SOURCE_CONTRACT_SCAN_11_R2.json,manuscript/evidence/r9_rewrite_evidence/sources/B05.json,摘录/JSON序列化；ROOT及USER_HOME路径别名；原字段不改；并非原字节副本
B06 | ROOT/reports\trajectory_analysis\team_review_v031_trajectory_v3_20260911\combined_revision_v7_20260912\evidence\SETTINGS_INPUTS.json,manuscript/evidence/r9_rewrite_evidence/sources/B06.json,摘录/JSON序列化；ROOT及USER_HOME路径别名；原字段不改；并非原字节副本
B09 | ROOT/reports\trajectory_analysis\team_review_v031_trajectory_v3_20260911\combined_revision_v7_20260912\ev\I18088,manuscript/evidence/r9_rewrite_evidence/sources/B09.txt,摘录/JSON序列化；ROOT及USER_HOME路径别名；原字段不改；并非原字节副本
B10 | ROOT/reports\trajectory_analysis\team_review_v031_trajectory_v3_20260911\combined_revision_v7_20260912\ev\I18089,manuscript/evidence/r9_rewrite_evidence/sources/B10.txt,摘录/JSON序列化；ROOT及USER_HOME路径别名；原字段不改；并非原字节副本
B12 | ROOT/ep-a-stage-l7\development-ac-r1\cases\a5ef5c2f70ca8ec650cd55ef69e1ea9bb0f37cc956f22c4dd8115aa4740df669\subject\upstream\ProbabilityTheory\chapter_10\thm_10_11.lean,manuscript/evidence/r9_rewrite_evidence/sources/B12.txt,摘录/JSON序列化；ROOT及USER_HOME路径别名；原字段不改；并非原字节副本
A06 | ROOT/review_history_retro_20260901\research_framework\full_workflow_eval_codesign_20260910\formal_endpoint_20260911\endpoint.py,manuscript/evidence/r9_rewrite_evidence/sources/A06.txt,摘录/JSON序列化；ROOT及USER_HOME路径别名；原字段不改；并非原字节副本
BASE-report | ROOT/reports\trajectory_analysis\team_review_v031_trajectory_v3_20260911\Revisions from 913\report.en.md,manuscript/evidence/r9_rewrite_evidence/sources/BASE-report.txt,摘录/JSON序列化；ROOT及USER_HOME路径别名；原字段不改；并非原字节副本
BASE-appendix | ROOT/reports\trajectory_analysis\team_review_v031_trajectory_v3_20260911\Revisions from 913\appendix.en.md,manuscript/evidence/r9_rewrite_evidence/sources/BASE-appendix.txt,摘录/JSON序列化；ROOT及USER_HOME路径别名；原字段不改；并非原字节副本
AP01 | ROOT/ep-a-stage-l1\development-ac-r1\cases\5ce512ef66be196cea4e6ebb9c882c4f2aa87697f0524cc604b88d0de6a7bae1\executions\reviewer-1\attempt-01\actor\prompt.txt,manuscript/evidence/r9_rewrite_evidence/sources/AP01.txt,摘录/JSON序列化；ROOT及USER_HOME路径别名；原字段不改；并非原字节副本
AP02 | ROOT/ep-a-stage-l7\development-ac-r1\cases\a5ef5c2f70ca8ec650cd55ef69e1ea9bb0f37cc956f22c4dd8115aa4740df669\executions\adjudicator\attempt-01\actor\prompt.txt,manuscript/evidence/r9_rewrite_evidence/sources/AP02.txt,摘录/JSON序列化；ROOT及USER_HOME路径别名；原字段不改；并非原字节副本
AP03 | ROOT/ep-bc-h1-b\development-b-r4\cases\47e738ffc037453d4d24ee76143fbc98dfd6102041a2fa1daaa60e3c28726722\executions\adjudicator\attempt-01\actor\prompt.txt,manuscript/evidence/r9_rewrite_evidence/sources/AP03.txt,摘录/JSON序列化；ROOT及USER_HOME路径别名；原字段不改；并非原字节副本
AX01 | ROOT/ep-bc-h1-b\development-b-r4\cases\47e738ffc037453d4d24ee76143fbc98dfd6102041a2fa1daaa60e3c28726722\executions\adjudicator\attempt-01\trusted-evaluation.json,manuscript/evidence/r9_rewrite_evidence/sources/AX01.json,摘录/JSON序列化；ROOT及USER_HOME路径别名；原字段不改；并非原字节副本
AP04 | ROOT/ep-bc-h1-b\development-b-r4\cases\47e738ffc037453d4d24ee76143fbc98dfd6102041a2fa1daaa60e3c28726722\executions\reviewer-1\attempt-01\actor\prompt.txt,manuscript/evidence/r9_rewrite_evidence/sources/AP04.txt,摘录/JSON序列化；ROOT及USER_HOME路径别名；原字段不改；并非原字节副本
AX02 | ROOT/ep-bc-m3-b\development-b-r4\cases\587d4ca06e08dc859acc76c3812ac40f5ffc788fff48f85af471cf6492b0481c\executions\reviewer-1\attempt-01\trusted-evaluation.json,manuscript/evidence/r9_rewrite_evidence/sources/AX02.json,摘录/JSON序列化；ROOT及USER_HOME路径别名；原字段不改；并非原字节副本
AX03 | ROOT/ep-bc-m3-b\development-b-r4\cases\587d4ca06e08dc859acc76c3812ac40f5ffc788fff48f85af471cf6492b0481c\executions\reviewer-2\attempt-01\trusted-evaluation.json,manuscript/evidence/r9_rewrite_evidence/sources/AX03.json,摘录/JSON序列化；ROOT及USER_HOME路径别名；原字段不改；并非原字节副本
AX04 | ROOT/ep-bc-m3-c\development-ac-r1\cases\6a08818a69f91ce30338d49bacb220a83524911b845d4d46010106f84d57ac93\executions\reviewer-1\attempt-01\trusted-evaluation.json,manuscript/evidence/r9_rewrite_evidence/sources/AX04.json,摘录/JSON序列化；ROOT及USER_HOME路径别名；原字段不改；并非原字节副本
AX05 | ROOT/ep-bc-m3-c\development-ac-r1\cases\6a08818a69f91ce30338d49bacb220a83524911b845d4d46010106f84d57ac93\executions\reviewer-2\attempt-01\trusted-evaluation.json,manuscript/evidence/r9_rewrite_evidence/sources/AX05.json,摘录/JSON序列化；ROOT及USER_HOME路径别名；原字段不改；并非原字节副本
AX06 | ROOT/ep-a-h1-cont-r4\development-ac-r1\cases\bbf0b1df57367d2af03356e67a418abc99e4b428621f3c16764c8b75ca9aac8f\executions\adjudicator\attempt-01\trusted-evaluation.json,manuscript/evidence/r9_rewrite_evidence/sources/AX06.json,摘录/JSON序列化；ROOT及USER_HOME路径别名；原字段不改；并非原字节副本
AX07 | ROOT/ep-a-stage-m3\development-ac-r1\cases\03ca44ff6112c2a452d83b998985c2aa22bdeb3d40524939c786d403cce8dc1e\executions\adjudicator\attempt-01\trusted-evaluation.json,manuscript/evidence/r9_rewrite_evidence/sources/AX07.json,摘录/JSON序列化；ROOT及USER_HOME路径别名；原字段不改；并非原字节副本
AX08 | ROOT/ep-a-stage-m3\development-ac-r1\cases\03ca44ff6112c2a452d83b998985c2aa22bdeb3d40524939c786d403cce8dc1e\executions\reviewer-1\attempt-01\trusted-evaluation.json,manuscript/evidence/r9_rewrite_evidence/sources/AX08.json,摘录/JSON序列化；ROOT及USER_HOME路径别名；原字段不改；并非原字节副本
AX09 | ROOT/ep-a-stage-m3\development-ac-r1\cases\03ca44ff6112c2a452d83b998985c2aa22bdeb3d40524939c786d403cce8dc1e\executions\reviewer-2\attempt-01\trusted-execution-failure.json,manuscript/evidence/r9_rewrite_evidence/sources/AX09.json,摘录/JSON序列化；ROOT及USER_HOME路径别名；原字段不改；并非原字节副本
AP05 | ROOT/rr-h1-v1\candidate-ad3cbe004a3a\executions\reviewer-1\attempt-01\actor\prompt.txt,manuscript/evidence/r9_rewrite_evidence/sources/AP05.txt,摘录/JSON序列化；ROOT及USER_HOME路径别名；原字段不改；并非原字节副本
AP06 | ROOT/rr-h1-v1\candidate-ad3cbe004a3a-adjud\executions\adjudicator\attempt-01\actor\prompt.txt,manuscript/evidence/r9_rewrite_evidence/sources/AP06.txt,摘录/JSON序列化；ROOT及USER_HOME路径别名；原字段不改；并非原字节副本
AX10 | ROOT/rr-h1-v1\candidate-ad3cbe004a3a-adjud\executions\adjudicator\attempt-01\REVIEW_RESULT.json,manuscript/evidence/r9_rewrite_evidence/sources/AX10.json,摘录/JSON序列化；ROOT及USER_HOME路径别名；原字段不改；并非原字节副本
AX11 | ROOT/rr-h1-v1\candidate-c47950c412e8-adjud\executions\adjudicator\attempt-01\REVIEW_RESULT.json,manuscript/evidence/r9_rewrite_evidence/sources/AX11.json,摘录/JSON序列化；ROOT及USER_HOME路径别名；原字段不改；并非原字节副本
AX12 | ROOT/rr-h1-v1\candidate-dfce8b6cb8f4\executions\reviewer-2\attempt-01\REVIEW_RESULT.json,manuscript/evidence/r9_rewrite_evidence/sources/AX12.json,摘录/JSON序列化；ROOT及USER_HOME路径别名；原字段不改；并非原字节副本
AX13 | ROOT/rr-h1-v1\candidate-dfce8b6cb8f4-adjud\executions\adjudicator\attempt-01\REVIEW_RESULT.json,manuscript/evidence/r9_rewrite_evidence/sources/AX13.json,摘录/JSON序列化；ROOT及USER_HOME路径别名；原字段不改；并非原字节副本
AP07 | ROOT/rr-l2-v1\candidate-67c83c8b4bf7\executions\reviewer-1\attempt-01\actor\prompt.txt,manuscript/evidence/r9_rewrite_evidence/sources/AP07.txt,摘录/JSON序列化；ROOT及USER_HOME路径别名；原字段不改；并非原字节副本
AP08 | ROOT/rr-l2-v1\candidate-67c83c8b4bf7-adjud\executions\adjudicator\attempt-02\actor\prompt.txt,manuscript/evidence/r9_rewrite_evidence/sources/AP08.txt,摘录/JSON序列化；ROOT及USER_HOME路径别名；原字段不改；并非原字节副本
AP09 | ROOT/rr-l3-v1\candidate-2ec562216bc6\executions\reviewer-1\attempt-01\actor\prompt.txt,manuscript/evidence/r9_rewrite_evidence/sources/AP09.txt,摘录/JSON序列化；ROOT及USER_HOME路径别名；原字段不改；并非原字节副本
AP10 | ROOT/rr-l3-v1\candidate-2ec562216bc6-adjud\executions\adjudicator\attempt-01\actor\prompt.txt,manuscript/evidence/r9_rewrite_evidence/sources/AP10.txt,摘录/JSON序列化；ROOT及USER_HOME路径别名；原字段不改；并非原字节副本
AP11 | ROOT/rr-l7-r2\candidate-3e81b8500999\executions\reviewer-1\attempt-01\actor\prompt.txt,manuscript/evidence/r9_rewrite_evidence/sources/AP11.txt,摘录/JSON序列化；ROOT及USER_HOME路径别名；原字段不改；并非原字节副本
C01 | ROOT/reports\pipeline_evolution\releases\v0.3.1\evidence\E19\10_projection_receipt.json,manuscript/evidence/r9_rewrite_evidence/sources/C01.json,摘录/JSON序列化；ROOT及USER_HOME路径别名；原字段不改；并非原字节副本
C02-map | ROOT/review_history_retro_20260901\research_framework\evaluation_rebuild_v2_20260907\investigation\revisions\v0.7.1\source_decisions\main_relation_qualification_map.jsonl,manuscript/evidence/r9_rewrite_evidence/sources/C02-map.txt,摘录/JSON序列化；ROOT及USER_HOME路径别名；原字段不改；并非原字节副本
C02-decision | ROOT/review_history_retro_20260901\research_framework\evaluation_rebuild_v2_20260907\investigation\revisions\v0.7.1\source_decisions\target_change_adjudications.jsonl,manuscript/evidence/r9_rewrite_evidence/sources/C02-decision.txt,摘录/JSON序列化；ROOT及USER_HOME路径别名；原字段不改；并非原字节副本
C03-map | ROOT/review_history_retro_20260901\research_framework\evaluation_rebuild_v2_20260907\investigation\revisions\v0.7.1\source_decisions\main_relation_qualification_map.jsonl,manuscript/evidence/r9_rewrite_evidence/sources/C03-map.txt,摘录/JSON序列化；ROOT及USER_HOME路径别名；原字段不改；并非原字节副本
C03-decision | ROOT/review_history_retro_20260901\research_framework\evaluation_rebuild_v2_20260907\investigation\revisions\v0.7.1\source_decisions\target_change_adjudications.jsonl,manuscript/evidence/r9_rewrite_evidence/sources/C03-decision.txt,摘录/JSON序列化；ROOT及USER_HOME路径别名；原字段不改；并非原字节副本
C04-map | ROOT/review_history_retro_20260901\research_framework\evaluation_rebuild_v2_20260907\investigation\revisions\v0.7.1\source_decisions\main_relation_qualification_map.jsonl,manuscript/evidence/r9_rewrite_evidence/sources/C04-map.txt,摘录/JSON序列化；ROOT及USER_HOME路径别名；原字段不改；并非原字节副本
C05 | ROOT/review_history_retro_20260901\research_framework\evaluation_rebuild_v2_20260907\investigation\rebuild_v071_decisions.py,manuscript/evidence/r9_rewrite_evidence/sources/C05.txt,摘录/JSON序列化；ROOT及USER_HOME路径别名；原字段不改；并非原字节副本
C06 | ROOT/review_history_retro_20260901\research_framework\evaluation_rebuild_v2_20260907\investigation\revisions\v0.7.1\source_decisions\revision_provenance.json,manuscript/evidence/r9_rewrite_evidence/sources/C06.json,摘录/JSON序列化；ROOT及USER_HOME路径别名；原字段不改；并非原字节副本
C07 | ROOT/review_history_retro_20260901\research_framework\evaluation_rebuild_v2_20260907\investigation\revisions\v0.7.1\source_decisions\qualification_validation.json,manuscript/evidence/r9_rewrite_evidence/sources/C07.json,摘录/JSON序列化；ROOT及USER_HOME路径别名；原字段不改；并非原字节副本
E01 | ROOT/reports\pipeline_evolution\releases\v0.3.1\evidence\E19\16_selection_rule.py.txt,manuscript/evidence/r9_rewrite_evidence/sources/E01.txt,摘录/JSON序列化；ROOT及USER_HOME路径别名；原字段不改；并非原字节副本
E02 | ROOT/reports\pipeline_evolution\releases\v0.3.1\evidence\E19\15_selection.json,manuscript/evidence/r9_rewrite_evidence/sources/E02.json,摘录/JSON序列化；ROOT及USER_HOME路径别名；原字段不改；并非原字节副本
D01 | ROOT/fw_pilot_20260910_staging\pilot-runs-r1\pilot-prob_13_9-A-r1\reviewer-result-recovery.json,manuscript/evidence/r9_rewrite_evidence/sources/D01.json,摘录/JSON序列化；ROOT及USER_HOME路径别名；原字段不改；并非原字节副本
D02 | ROOT/fw_pilot_20260910_staging\pilot-runs-r1\pilot-prob_13_9-A-r1\help\a8eee636-20ec-4f4a-abd8-21254581e629\actor\actor-receipt.json,manuscript/evidence/r9_rewrite_evidence/sources/D02.json,摘录/JSON序列化；ROOT及USER_HOME路径别名；原字段不改；并非原字节副本
D03 | ROOT/fw_pilot_20260910_staging\pilot-runs-r1\pilot-prob_13_9-A-r1\help\a8eee636-20ec-4f4a-abd8-21254581e629\recovered-raw-review.json,manuscript/evidence/r9_rewrite_evidence/sources/D03.json,摘录/JSON序列化；ROOT及USER_HOME路径别名；原字段不改；并非原字节副本
D04 | ROOT/fw_pilot_20260910_staging\pilot-runs-r1\pilot-prob_13_9-A-r1\a-controller\result.json,manuscript/evidence/r9_rewrite_evidence/sources/D04.json,摘录/JSON序列化；ROOT及USER_HOME路径别名；原字段不改；并非原字节副本
D05 | ROOT/fw_pilot_20260910_staging\pilot-runs-r1\pilot-prob_13_9-A-r1\help\a8eee636-20ec-4f4a-abd8-21254581e629\actor\raw-public-events.bin,manuscript/evidence/r9_rewrite_evidence/sources/D05.txt,摘录/JSON序列化；ROOT及USER_HOME路径别名；原字段不改；并非原字节副本
